WIDTH=8;
DEPTH=16384;

ADDRESS_RADIX=HEX;
DATA_RADIX=HEX;

CONTENT BEGIN
	0   :   78;
	1   :   D8;
	2   :   A2;
	3   :   FF;
	4   :   9A;
	5   :   A9;
	6   :   00;
	7   :   95;
	8   :   00;
	9   :   CA;
	A   :   D0;
	B   :   FB;
	C   :   A9;
	D   :   00;
	E   :   85;
	F   :   09;
	10   :   A9;
	11   :   00;
	12   :   85;
	13   :   0A;
	14   :   A9;
	15   :   02;
	16   :   85;
	17   :   02;
	18   :   85;
	19   :   00;
	1A   :   85;
	1B   :   02;
	1C   :   85;
	1D   :   02;
	1E   :   85;
	1F   :   02;
	20   :   A9;
	21   :   00;
	22   :   85;
	23   :   00;
	24   :   A9;
	25   :   02;
	26   :   85;
	27   :   01;
	28   :   A2;
	29   :   24;
	2A   :   85;
	2B   :   02;
	2C   :   CA;
	2D   :   D0;
	2E   :   FB;
	2F   :   A9;
	30   :   00;
	31   :   85;
	32   :   02;
	33   :   85;
	34   :   01;
	35   :   A2;
	36   :   00;
	37   :   A0;
	38   :   02;
	39   :   BD;
	3A   :   80;
	3B   :   F0;
	3C   :   85;
	3D   :   08;
	3E   :   BD;
	3F   :   00;
	40   :   F1;
	41   :   85;
	42   :   0D;
	43   :   BD;
	44   :   80;
	45   :   F1;
	46   :   85;
	47   :   0E;
	48   :   BD;
	49   :   00;
	4A   :   F2;
	4B   :   85;
	4C   :   0F;
	4D   :   BD;
	4E   :   80;
	4F   :   F2;
	50   :   85;
	51   :   0D;
	52   :   BD;
	53   :   00;
	54   :   F3;
	55   :   85;
	56   :   0E;
	57   :   BD;
	58   :   80;
	59   :   F3;
	5A   :   EA;
	5B   :   EA;
	5C   :   85;
	5D   :   0F;
	5E   :   88;
	5F   :   D0;
	60   :   03;
	61   :   A0;
	62   :   02;
	63   :   E8;
	64   :   85;
	65   :   02;
	66   :   E0;
	67   :   60;
	68   :   D0;
	69   :   CF;
	6A   :   A9;
	6B   :   02;
	6C   :   85;
	6D   :   01;
	6E   :   A9;
	6F   :   00;
	70   :   85;
	71   :   0D;
	72   :   85;
	73   :   0E;
	74   :   85;
	75   :   0F;
	76   :   A2;
	77   :   1D;
	78   :   85;
	79   :   02;
	7A   :   CA;
	7B   :   D0;
	7C   :   FB;
	7D   :   4C;
	7E   :   14;
	7F   :   F0;
	80   :   00;
	81   :   00;
	82   :   42;
	83   :   42;
	84   :   42;
	85   :   42;
	86   :   42;
	87   :   42;
	88   :   42;
	89   :   42;
	8A   :   42;
	8B   :   42;
	8C   :   42;
	8D   :   42;
	8E   :   42;
	8F   :   42;
	90   :   42;
	91   :   42;
	92   :   42;
	93   :   42;
	94   :   42;
	95   :   42;
	96   :   42;
	97   :   42;
	98   :   42;
	99   :   42;
	9A   :   42;
	9B   :   42;
	9C   :   42;
	9D   :   42;
	9E   :   44;
	9F   :   44;
	A0   :   44;
	A1   :   44;
	A2   :   44;
	A3   :   44;
	A4   :   44;
	A5   :   44;
	A6   :   44;
	A7   :   44;
	A8   :   44;
	A9   :   44;
	AA   :   44;
	AB   :   44;
	AC   :   44;
	AD   :   44;
	AE   :   44;
	AF   :   44;
	B0   :   44;
	B1   :   44;
	B2   :   44;
	B3   :   44;
	B4   :   44;
	B5   :   44;
	B6   :   44;
	B7   :   44;
	B8   :   44;
	B9   :   44;
	BA   :   44;
	BB   :   44;
	BC   :   44;
	BD   :   44;
	BE   :   44;
	BF   :   44;
	C0   :   00;
	C1   :   00;
	C2   :   00;
	C3   :   0E;
	C4   :   0E;
	C5   :   0E;
	C6   :   0E;
	C7   :   0E;
	C8   :   0E;
	C9   :   0E;
	CA   :   0E;
	CB   :   0E;
	CC   :   0E;
	CD   :   0E;
	CE   :   0E;
	CF   :   0E;
	D0   :   0E;
	D1   :   00;
	D2   :   00;
	D3   :   00;
	D4   :   1A;
	D5   :   1A;
	D6   :   1A;
	D7   :   1A;
	D8   :   1A;
	D9   :   1A;
	DA   :   1A;
	DB   :   00;
	DC   :   00;
	DD   :   00;
	DE   :   00;
	DF   :   00;
	E0   :   FF;
	E1   :   FF;
	E2   :   FF;
	E3   :   FF;
	E4   :   FF;
	E5   :   FF;
	E6   :   FF;
	E7   :   FF;
	E8   :   FF;
	E9   :   FF;
	EA   :   FF;
	EB   :   FF;
	EC   :   FF;
	ED   :   FF;
	EE   :   FF;
	EF   :   FF;
	F0   :   FF;
	F1   :   FF;
	F2   :   FF;
	F3   :   FF;
	F4   :   FF;
	F5   :   FF;
	F6   :   FF;
	F7   :   FF;
	F8   :   FF;
	F9   :   FF;
	FA   :   FF;
	FB   :   FF;
	FC   :   FF;
	FD   :   FF;
	FE   :   FF;
	FF   :   FF;
	100   :   00;
	101   :   00;
	102   :   00;
	103   :   00;
	104   :   00;
	105   :   00;
	106   :   00;
	107   :   00;
	108   :   00;
	109   :   00;
	10A   :   00;
	10B   :   00;
	10C   :   00;
	10D   :   00;
	10E   :   00;
	10F   :   00;
	110   :   00;
	111   :   00;
	112   :   00;
	113   :   00;
	114   :   00;
	115   :   00;
	116   :   00;
	117   :   00;
	118   :   00;
	119   :   00;
	11A   :   00;
	11B   :   00;
	11C   :   00;
	11D   :   00;
	11E   :   00;
	11F   :   00;
	120   :   00;
	121   :   00;
	122   :   00;
	123   :   00;
	124   :   00;
	125   :   00;
	126   :   00;
	127   :   00;
	128   :   00;
	129   :   00;
	12A   :   00;
	12B   :   00;
	12C   :   00;
	12D   :   00;
	12E   :   00;
	12F   :   00;
	130   :   00;
	131   :   00;
	132   :   00;
	133   :   00;
	134   :   00;
	135   :   00;
	136   :   00;
	137   :   00;
	138   :   00;
	139   :   00;
	13A   :   00;
	13B   :   00;
	13C   :   00;
	13D   :   00;
	13E   :   00;
	13F   :   00;
	140   :   00;
	141   :   00;
	142   :   00;
	143   :   00;
	144   :   00;
	145   :   00;
	146   :   00;
	147   :   00;
	148   :   00;
	149   :   00;
	14A   :   00;
	14B   :   00;
	14C   :   00;
	14D   :   00;
	14E   :   00;
	14F   :   00;
	150   :   00;
	151   :   00;
	152   :   00;
	153   :   00;
	154   :   00;
	155   :   00;
	156   :   00;
	157   :   00;
	158   :   00;
	159   :   00;
	15A   :   00;
	15B   :   00;
	15C   :   00;
	15D   :   00;
	15E   :   00;
	15F   :   00;
	160   :   FF;
	161   :   FF;
	162   :   FF;
	163   :   FF;
	164   :   FF;
	165   :   FF;
	166   :   FF;
	167   :   FF;
	168   :   FF;
	169   :   FF;
	16A   :   FF;
	16B   :   FF;
	16C   :   FF;
	16D   :   FF;
	16E   :   FF;
	16F   :   FF;
	170   :   FF;
	171   :   FF;
	172   :   FF;
	173   :   FF;
	174   :   FF;
	175   :   FF;
	176   :   FF;
	177   :   FF;
	178   :   FF;
	179   :   FF;
	17A   :   FF;
	17B   :   FF;
	17C   :   FF;
	17D   :   FF;
	17E   :   FF;
	17F   :   FF;
	180   :   00;
	181   :   00;
	182   :   00;
	183   :   00;
	184   :   00;
	185   :   00;
	186   :   00;
	187   :   00;
	188   :   00;
	189   :   00;
	18A   :   00;
	18B   :   00;
	18C   :   00;
	18D   :   00;
	18E   :   00;
	18F   :   00;
	190   :   00;
	191   :   00;
	192   :   00;
	193   :   00;
	194   :   00;
	195   :   00;
	196   :   00;
	197   :   00;
	198   :   00;
	199   :   00;
	19A   :   00;
	19B   :   00;
	19C   :   00;
	19D   :   00;
	19E   :   00;
	19F   :   00;
	1A0   :   00;
	1A1   :   00;
	1A2   :   00;
	1A3   :   00;
	1A4   :   00;
	1A5   :   01;
	1A6   :   01;
	1A7   :   01;
	1A8   :   01;
	1A9   :   01;
	1AA   :   01;
	1AB   :   03;
	1AC   :   03;
	1AD   :   03;
	1AE   :   03;
	1AF   :   03;
	1B0   :   03;
	1B1   :   07;
	1B2   :   07;
	1B3   :   07;
	1B4   :   07;
	1B5   :   0F;
	1B6   :   1F;
	1B7   :   1F;
	1B8   :   1F;
	1B9   :   1F;
	1BA   :   1F;
	1BB   :   3E;
	1BC   :   3E;
	1BD   :   3E;
	1BE   :   3E;
	1BF   :   7C;
	1C0   :   00;
	1C1   :   00;
	1C2   :   00;
	1C3   :   07;
	1C4   :   07;
	1C5   :   08;
	1C6   :   08;
	1C7   :   00;
	1C8   :   00;
	1C9   :   01;
	1CA   :   01;
	1CB   :   02;
	1CC   :   02;
	1CD   :   04;
	1CE   :   04;
	1CF   :   0F;
	1D0   :   0F;
	1D1   :   00;
	1D2   :   00;
	1D3   :   00;
	1D4   :   00;
	1D5   :   01;
	1D6   :   01;
	1D7   :   01;
	1D8   :   01;
	1D9   :   01;
	1DA   :   01;
	1DB   :   00;
	1DC   :   00;
	1DD   :   00;
	1DE   :   00;
	1DF   :   00;
	1E0   :   FF;
	1E1   :   FF;
	1E2   :   FF;
	1E3   :   FF;
	1E4   :   FF;
	1E5   :   FF;
	1E6   :   FF;
	1E7   :   FF;
	1E8   :   FF;
	1E9   :   FF;
	1EA   :   FF;
	1EB   :   FF;
	1EC   :   FF;
	1ED   :   FF;
	1EE   :   FF;
	1EF   :   FF;
	1F0   :   FF;
	1F1   :   FF;
	1F2   :   FF;
	1F3   :   FF;
	1F4   :   FF;
	1F5   :   FF;
	1F6   :   FF;
	1F7   :   FF;
	1F8   :   FF;
	1F9   :   FF;
	1FA   :   FF;
	1FB   :   FF;
	1FC   :   FF;
	1FD   :   FF;
	1FE   :   FF;
	1FF   :   FF;
	200   :   00;
	201   :   00;
	202   :   DE;
	203   :   DE;
	204   :   DE;
	205   :   DE;
	206   :   DE;
	207   :   DE;
	208   :   DE;
	209   :   DE;
	20A   :   DE;
	20B   :   DE;
	20C   :   DE;
	20D   :   DE;
	20E   :   DE;
	20F   :   DE;
	210   :   DE;
	211   :   DE;
	212   :   DE;
	213   :   DE;
	214   :   DE;
	215   :   DE;
	216   :   DE;
	217   :   DE;
	218   :   DE;
	219   :   DE;
	21A   :   DE;
	21B   :   DE;
	21C   :   DE;
	21D   :   CF;
	21E   :   CF;
	21F   :   CF;
	220   :   CF;
	221   :   CF;
	222   :   CF;
	223   :   CF;
	224   :   CF;
	225   :   C7;
	226   :   C7;
	227   :   C7;
	228   :   C7;
	229   :   C7;
	22A   :   C7;
	22B   :   C3;
	22C   :   C3;
	22D   :   C3;
	22E   :   C3;
	22F   :   C3;
	230   :   C3;
	231   :   C1;
	232   :   C1;
	233   :   C1;
	234   :   C1;
	235   :   C1;
	236   :   C0;
	237   :   C0;
	238   :   C0;
	239   :   C0;
	23A   :   C0;
	23B   :   C0;
	23C   :   C0;
	23D   :   C0;
	23E   :   C0;
	23F   :   C0;
	240   :   00;
	241   :   00;
	242   :   00;
	243   :   30;
	244   :   30;
	245   :   09;
	246   :   09;
	247   :   05;
	248   :   05;
	249   :   3C;
	24A   :   3C;
	24B   :   44;
	24C   :   44;
	24D   :   44;
	24E   :   44;
	24F   :   39;
	250   :   39;
	251   :   00;
	252   :   00;
	253   :   00;
	254   :   E7;
	255   :   28;
	256   :   28;
	257   :   EF;
	258   :   28;
	259   :   28;
	25A   :   28;
	25B   :   00;
	25C   :   00;
	25D   :   00;
	25E   :   00;
	25F   :   00;
	260   :   FF;
	261   :   FF;
	262   :   FF;
	263   :   FF;
	264   :   FF;
	265   :   FF;
	266   :   FF;
	267   :   FF;
	268   :   FF;
	269   :   FF;
	26A   :   FF;
	26B   :   FF;
	26C   :   FF;
	26D   :   FF;
	26E   :   FF;
	26F   :   FF;
	270   :   FF;
	271   :   FF;
	272   :   FF;
	273   :   FF;
	274   :   FF;
	275   :   FF;
	276   :   FF;
	277   :   FF;
	278   :   FF;
	279   :   FF;
	27A   :   FF;
	27B   :   FF;
	27C   :   FF;
	27D   :   FF;
	27E   :   FF;
	27F   :   FF;
	280   :   00;
	281   :   00;
	282   :   B0;
	283   :   B0;
	284   :   B0;
	285   :   B0;
	286   :   B0;
	287   :   B0;
	288   :   B0;
	289   :   B0;
	28A   :   B0;
	28B   :   B0;
	28C   :   B0;
	28D   :   B0;
	28E   :   B0;
	28F   :   B0;
	290   :   B0;
	291   :   B0;
	292   :   B0;
	293   :   B0;
	294   :   B0;
	295   :   B0;
	296   :   B0;
	297   :   B0;
	298   :   B0;
	299   :   B0;
	29A   :   B0;
	29B   :   B0;
	29C   :   B0;
	29D   :   30;
	29E   :   30;
	29F   :   30;
	2A0   :   30;
	2A1   :   30;
	2A2   :   30;
	2A3   :   30;
	2A4   :   30;
	2A5   :   30;
	2A6   :   30;
	2A7   :   30;
	2A8   :   30;
	2A9   :   30;
	2AA   :   30;
	2AB   :   30;
	2AC   :   30;
	2AD   :   30;
	2AE   :   30;
	2AF   :   30;
	2B0   :   30;
	2B1   :   30;
	2B2   :   30;
	2B3   :   30;
	2B4   :   30;
	2B5   :   30;
	2B6   :   30;
	2B7   :   30;
	2B8   :   30;
	2B9   :   30;
	2BA   :   30;
	2BB   :   30;
	2BC   :   30;
	2BD   :   30;
	2BE   :   30;
	2BF   :   30;
	2C0   :   00;
	2C1   :   00;
	2C2   :   00;
	2C3   :   E0;
	2C4   :   E0;
	2C5   :   10;
	2C6   :   10;
	2C7   :   90;
	2C8   :   90;
	2C9   :   50;
	2CA   :   50;
	2CB   :   30;
	2CC   :   30;
	2CD   :   10;
	2CE   :   10;
	2CF   :   E0;
	2D0   :   E0;
	2D1   :   00;
	2D2   :   00;
	2D3   :   00;
	2D4   :   90;
	2D5   :   A0;
	2D6   :   A0;
	2D7   :   90;
	2D8   :   90;
	2D9   :   A0;
	2DA   :   A0;
	2DB   :   00;
	2DC   :   00;
	2DD   :   00;
	2DE   :   00;
	2DF   :   00;
	2E0   :   FF;
	2E1   :   FF;
	2E2   :   FF;
	2E3   :   FF;
	2E4   :   FF;
	2E5   :   FF;
	2E6   :   FF;
	2E7   :   FF;
	2E8   :   FF;
	2E9   :   FF;
	2EA   :   FF;
	2EB   :   FF;
	2EC   :   FF;
	2ED   :   FF;
	2EE   :   FF;
	2EF   :   FF;
	2F0   :   FF;
	2F1   :   FF;
	2F2   :   FF;
	2F3   :   FF;
	2F4   :   FF;
	2F5   :   FF;
	2F6   :   FF;
	2F7   :   FF;
	2F8   :   FF;
	2F9   :   FF;
	2FA   :   FF;
	2FB   :   FF;
	2FC   :   FF;
	2FD   :   FF;
	2FE   :   FF;
	2FF   :   FF;
	300   :   00;
	301   :   00;
	302   :   E0;
	303   :   E0;
	304   :   E0;
	305   :   E0;
	306   :   E0;
	307   :   E0;
	308   :   E0;
	309   :   E0;
	30A   :   E0;
	30B   :   E0;
	30C   :   E0;
	30D   :   E0;
	30E   :   E0;
	30F   :   E0;
	310   :   E0;
	311   :   E0;
	312   :   E0;
	313   :   E0;
	314   :   E0;
	315   :   E0;
	316   :   E0;
	317   :   E0;
	318   :   E0;
	319   :   E0;
	31A   :   E0;
	31B   :   E0;
	31C   :   E0;
	31D   :   F0;
	31E   :   F0;
	31F   :   F0;
	320   :   F0;
	321   :   F0;
	322   :   F0;
	323   :   F0;
	324   :   F0;
	325   :   78;
	326   :   78;
	327   :   78;
	328   :   78;
	329   :   78;
	32A   :   78;
	32B   :   3C;
	32C   :   3C;
	32D   :   3C;
	32E   :   3C;
	32F   :   3C;
	330   :   3C;
	331   :   1E;
	332   :   1E;
	333   :   1E;
	334   :   1E;
	335   :   1F;
	336   :   0F;
	337   :   0F;
	338   :   0F;
	339   :   0F;
	33A   :   0F;
	33B   :   07;
	33C   :   07;
	33D   :   07;
	33E   :   07;
	33F   :   03;
	340   :   00;
	341   :   00;
	342   :   00;
	343   :   1C;
	344   :   1C;
	345   :   A2;
	346   :   A2;
	347   :   A6;
	348   :   A6;
	349   :   AA;
	34A   :   AA;
	34B   :   B2;
	34C   :   B2;
	34D   :   A2;
	34E   :   A2;
	34F   :   1C;
	350   :   1C;
	351   :   00;
	352   :   00;
	353   :   00;
	354   :   10;
	355   :   B0;
	356   :   50;
	357   :   50;
	358   :   10;
	359   :   10;
	35A   :   10;
	35B   :   00;
	35C   :   00;
	35D   :   00;
	35E   :   00;
	35F   :   00;
	360   :   FF;
	361   :   FF;
	362   :   FF;
	363   :   FF;
	364   :   FF;
	365   :   FF;
	366   :   FF;
	367   :   FF;
	368   :   FF;
	369   :   FF;
	36A   :   FF;
	36B   :   FF;
	36C   :   FF;
	36D   :   FF;
	36E   :   FF;
	36F   :   FF;
	370   :   FF;
	371   :   FF;
	372   :   FF;
	373   :   FF;
	374   :   FF;
	375   :   FF;
	376   :   FF;
	377   :   FF;
	378   :   FF;
	379   :   FF;
	37A   :   FF;
	37B   :   FF;
	37C   :   FF;
	37D   :   FF;
	37E   :   FF;
	37F   :   FF;
	380   :   00;
	381   :   00;
	382   :   00;
	383   :   00;
	384   :   00;
	385   :   00;
	386   :   00;
	387   :   00;
	388   :   00;
	389   :   00;
	38A   :   00;
	38B   :   00;
	38C   :   00;
	38D   :   00;
	38E   :   00;
	38F   :   00;
	390   :   00;
	391   :   00;
	392   :   00;
	393   :   00;
	394   :   00;
	395   :   00;
	396   :   00;
	397   :   00;
	398   :   00;
	399   :   00;
	39A   :   00;
	39B   :   00;
	39C   :   00;
	39D   :   00;
	39E   :   00;
	39F   :   00;
	3A0   :   00;
	3A1   :   00;
	3A2   :   00;
	3A3   :   00;
	3A4   :   00;
	3A5   :   00;
	3A6   :   00;
	3A7   :   00;
	3A8   :   00;
	3A9   :   00;
	3AA   :   00;
	3AB   :   00;
	3AC   :   00;
	3AD   :   00;
	3AE   :   00;
	3AF   :   00;
	3B0   :   00;
	3B1   :   00;
	3B2   :   00;
	3B3   :   00;
	3B4   :   00;
	3B5   :   00;
	3B6   :   01;
	3B7   :   01;
	3B8   :   01;
	3B9   :   01;
	3BA   :   01;
	3BB   :   03;
	3BC   :   03;
	3BD   :   03;
	3BE   :   03;
	3BF   :   07;
	3C0   :   00;
	3C1   :   00;
	3C2   :   00;
	3C3   :   00;
	3C4   :   00;
	3C5   :   00;
	3C6   :   00;
	3C7   :   00;
	3C8   :   00;
	3C9   :   00;
	3CA   :   00;
	3CB   :   00;
	3CC   :   00;
	3CD   :   00;
	3CE   :   00;
	3CF   :   00;
	3D0   :   00;
	3D1   :   00;
	3D2   :   00;
	3D3   :   00;
	3D4   :   00;
	3D5   :   00;
	3D6   :   00;
	3D7   :   00;
	3D8   :   00;
	3D9   :   00;
	3DA   :   00;
	3DB   :   00;
	3DC   :   00;
	3DD   :   00;
	3DE   :   00;
	3DF   :   00;
	3E0   :   FF;
	3E1   :   FF;
	3E2   :   FF;
	3E3   :   FF;
	3E4   :   FF;
	3E5   :   FF;
	3E6   :   FF;
	3E7   :   FF;
	3E8   :   FF;
	3E9   :   FF;
	3EA   :   FF;
	3EB   :   FF;
	3EC   :   FF;
	3ED   :   FF;
	3EE   :   FF;
	3EF   :   FF;
	3F0   :   FF;
	3F1   :   FF;
	3F2   :   FF;
	3F3   :   FF;
	3F4   :   FF;
	3F5   :   FF;
	3F6   :   FF;
	3F7   :   FF;
	3F8   :   FF;
	3F9   :   FF;
	3FA   :   FF;
	3FB   :   FF;
	3FC   :   FF;
	3FD   :   FF;
	3FE   :   FF;
	3FF   :   FF;
	400   :   FF;
	401   :   FF;
	402   :   FF;
	403   :   FF;
	404   :   FF;
	405   :   FF;
	406   :   FF;
	407   :   FF;
	408   :   FF;
	409   :   FF;
	40A   :   FF;
	40B   :   FF;
	40C   :   FF;
	40D   :   FF;
	40E   :   FF;
	40F   :   FF;
	410   :   FF;
	411   :   FF;
	412   :   FF;
	413   :   FF;
	414   :   FF;
	415   :   FF;
	416   :   FF;
	417   :   FF;
	418   :   FF;
	419   :   FF;
	41A   :   FF;
	41B   :   FF;
	41C   :   FF;
	41D   :   FF;
	41E   :   FF;
	41F   :   FF;
	420   :   FF;
	421   :   FF;
	422   :   FF;
	423   :   FF;
	424   :   FF;
	425   :   FF;
	426   :   FF;
	427   :   FF;
	428   :   FF;
	429   :   FF;
	42A   :   FF;
	42B   :   FF;
	42C   :   FF;
	42D   :   FF;
	42E   :   FF;
	42F   :   FF;
	430   :   FF;
	431   :   FF;
	432   :   FF;
	433   :   FF;
	434   :   FF;
	435   :   FF;
	436   :   FF;
	437   :   FF;
	438   :   FF;
	439   :   FF;
	43A   :   FF;
	43B   :   FF;
	43C   :   FF;
	43D   :   FF;
	43E   :   FF;
	43F   :   FF;
	440   :   FF;
	441   :   FF;
	442   :   FF;
	443   :   FF;
	444   :   FF;
	445   :   FF;
	446   :   FF;
	447   :   FF;
	448   :   FF;
	449   :   FF;
	44A   :   FF;
	44B   :   FF;
	44C   :   FF;
	44D   :   FF;
	44E   :   FF;
	44F   :   FF;
	450   :   FF;
	451   :   FF;
	452   :   FF;
	453   :   FF;
	454   :   FF;
	455   :   FF;
	456   :   FF;
	457   :   FF;
	458   :   FF;
	459   :   FF;
	45A   :   FF;
	45B   :   FF;
	45C   :   FF;
	45D   :   FF;
	45E   :   FF;
	45F   :   FF;
	460   :   FF;
	461   :   FF;
	462   :   FF;
	463   :   FF;
	464   :   FF;
	465   :   FF;
	466   :   FF;
	467   :   FF;
	468   :   FF;
	469   :   FF;
	46A   :   FF;
	46B   :   FF;
	46C   :   FF;
	46D   :   FF;
	46E   :   FF;
	46F   :   FF;
	470   :   FF;
	471   :   FF;
	472   :   FF;
	473   :   FF;
	474   :   FF;
	475   :   FF;
	476   :   FF;
	477   :   FF;
	478   :   FF;
	479   :   FF;
	47A   :   FF;
	47B   :   FF;
	47C   :   FF;
	47D   :   FF;
	47E   :   FF;
	47F   :   FF;
	480   :   FF;
	481   :   FF;
	482   :   FF;
	483   :   FF;
	484   :   FF;
	485   :   FF;
	486   :   FF;
	487   :   FF;
	488   :   FF;
	489   :   FF;
	48A   :   FF;
	48B   :   FF;
	48C   :   FF;
	48D   :   FF;
	48E   :   FF;
	48F   :   FF;
	490   :   FF;
	491   :   FF;
	492   :   FF;
	493   :   FF;
	494   :   FF;
	495   :   FF;
	496   :   FF;
	497   :   FF;
	498   :   FF;
	499   :   FF;
	49A   :   FF;
	49B   :   FF;
	49C   :   FF;
	49D   :   FF;
	49E   :   FF;
	49F   :   FF;
	4A0   :   FF;
	4A1   :   FF;
	4A2   :   FF;
	4A3   :   FF;
	4A4   :   FF;
	4A5   :   FF;
	4A6   :   FF;
	4A7   :   FF;
	4A8   :   FF;
	4A9   :   FF;
	4AA   :   FF;
	4AB   :   FF;
	4AC   :   FF;
	4AD   :   FF;
	4AE   :   FF;
	4AF   :   FF;
	4B0   :   FF;
	4B1   :   FF;
	4B2   :   FF;
	4B3   :   FF;
	4B4   :   FF;
	4B5   :   FF;
	4B6   :   FF;
	4B7   :   FF;
	4B8   :   FF;
	4B9   :   FF;
	4BA   :   FF;
	4BB   :   FF;
	4BC   :   FF;
	4BD   :   FF;
	4BE   :   FF;
	4BF   :   FF;
	4C0   :   FF;
	4C1   :   FF;
	4C2   :   FF;
	4C3   :   FF;
	4C4   :   FF;
	4C5   :   FF;
	4C6   :   FF;
	4C7   :   FF;
	4C8   :   FF;
	4C9   :   FF;
	4CA   :   FF;
	4CB   :   FF;
	4CC   :   FF;
	4CD   :   FF;
	4CE   :   FF;
	4CF   :   FF;
	4D0   :   FF;
	4D1   :   FF;
	4D2   :   FF;
	4D3   :   FF;
	4D4   :   FF;
	4D5   :   FF;
	4D6   :   FF;
	4D7   :   FF;
	4D8   :   FF;
	4D9   :   FF;
	4DA   :   FF;
	4DB   :   FF;
	4DC   :   FF;
	4DD   :   FF;
	4DE   :   FF;
	4DF   :   FF;
	4E0   :   FF;
	4E1   :   FF;
	4E2   :   FF;
	4E3   :   FF;
	4E4   :   FF;
	4E5   :   FF;
	4E6   :   FF;
	4E7   :   FF;
	4E8   :   FF;
	4E9   :   FF;
	4EA   :   FF;
	4EB   :   FF;
	4EC   :   FF;
	4ED   :   FF;
	4EE   :   FF;
	4EF   :   FF;
	4F0   :   FF;
	4F1   :   FF;
	4F2   :   FF;
	4F3   :   FF;
	4F4   :   FF;
	4F5   :   FF;
	4F6   :   FF;
	4F7   :   FF;
	4F8   :   FF;
	4F9   :   FF;
	4FA   :   FF;
	4FB   :   FF;
	4FC   :   FF;
	4FD   :   FF;
	4FE   :   FF;
	4FF   :   FF;
	500   :   FF;
	501   :   FF;
	502   :   FF;
	503   :   FF;
	504   :   FF;
	505   :   FF;
	506   :   FF;
	507   :   FF;
	508   :   FF;
	509   :   FF;
	50A   :   FF;
	50B   :   FF;
	50C   :   FF;
	50D   :   FF;
	50E   :   FF;
	50F   :   FF;
	510   :   FF;
	511   :   FF;
	512   :   FF;
	513   :   FF;
	514   :   FF;
	515   :   FF;
	516   :   FF;
	517   :   FF;
	518   :   FF;
	519   :   FF;
	51A   :   FF;
	51B   :   FF;
	51C   :   FF;
	51D   :   FF;
	51E   :   FF;
	51F   :   FF;
	520   :   FF;
	521   :   FF;
	522   :   FF;
	523   :   FF;
	524   :   FF;
	525   :   FF;
	526   :   FF;
	527   :   FF;
	528   :   FF;
	529   :   FF;
	52A   :   FF;
	52B   :   FF;
	52C   :   FF;
	52D   :   FF;
	52E   :   FF;
	52F   :   FF;
	530   :   FF;
	531   :   FF;
	532   :   FF;
	533   :   FF;
	534   :   FF;
	535   :   FF;
	536   :   FF;
	537   :   FF;
	538   :   FF;
	539   :   FF;
	53A   :   FF;
	53B   :   FF;
	53C   :   FF;
	53D   :   FF;
	53E   :   FF;
	53F   :   FF;
	540   :   FF;
	541   :   FF;
	542   :   FF;
	543   :   FF;
	544   :   FF;
	545   :   FF;
	546   :   FF;
	547   :   FF;
	548   :   FF;
	549   :   FF;
	54A   :   FF;
	54B   :   FF;
	54C   :   FF;
	54D   :   FF;
	54E   :   FF;
	54F   :   FF;
	550   :   FF;
	551   :   FF;
	552   :   FF;
	553   :   FF;
	554   :   FF;
	555   :   FF;
	556   :   FF;
	557   :   FF;
	558   :   FF;
	559   :   FF;
	55A   :   FF;
	55B   :   FF;
	55C   :   FF;
	55D   :   FF;
	55E   :   FF;
	55F   :   FF;
	560   :   FF;
	561   :   FF;
	562   :   FF;
	563   :   FF;
	564   :   FF;
	565   :   FF;
	566   :   FF;
	567   :   FF;
	568   :   FF;
	569   :   FF;
	56A   :   FF;
	56B   :   FF;
	56C   :   FF;
	56D   :   FF;
	56E   :   FF;
	56F   :   FF;
	570   :   FF;
	571   :   FF;
	572   :   FF;
	573   :   FF;
	574   :   FF;
	575   :   FF;
	576   :   FF;
	577   :   FF;
	578   :   FF;
	579   :   FF;
	57A   :   FF;
	57B   :   FF;
	57C   :   FF;
	57D   :   FF;
	57E   :   FF;
	57F   :   FF;
	580   :   FF;
	581   :   FF;
	582   :   FF;
	583   :   FF;
	584   :   FF;
	585   :   FF;
	586   :   FF;
	587   :   FF;
	588   :   FF;
	589   :   FF;
	58A   :   FF;
	58B   :   FF;
	58C   :   FF;
	58D   :   FF;
	58E   :   FF;
	58F   :   FF;
	590   :   FF;
	591   :   FF;
	592   :   FF;
	593   :   FF;
	594   :   FF;
	595   :   FF;
	596   :   FF;
	597   :   FF;
	598   :   FF;
	599   :   FF;
	59A   :   FF;
	59B   :   FF;
	59C   :   FF;
	59D   :   FF;
	59E   :   FF;
	59F   :   FF;
	5A0   :   FF;
	5A1   :   FF;
	5A2   :   FF;
	5A3   :   FF;
	5A4   :   FF;
	5A5   :   FF;
	5A6   :   FF;
	5A7   :   FF;
	5A8   :   FF;
	5A9   :   FF;
	5AA   :   FF;
	5AB   :   FF;
	5AC   :   FF;
	5AD   :   FF;
	5AE   :   FF;
	5AF   :   FF;
	5B0   :   FF;
	5B1   :   FF;
	5B2   :   FF;
	5B3   :   FF;
	5B4   :   FF;
	5B5   :   FF;
	5B6   :   FF;
	5B7   :   FF;
	5B8   :   FF;
	5B9   :   FF;
	5BA   :   FF;
	5BB   :   FF;
	5BC   :   FF;
	5BD   :   FF;
	5BE   :   FF;
	5BF   :   FF;
	5C0   :   FF;
	5C1   :   FF;
	5C2   :   FF;
	5C3   :   FF;
	5C4   :   FF;
	5C5   :   FF;
	5C6   :   FF;
	5C7   :   FF;
	5C8   :   FF;
	5C9   :   FF;
	5CA   :   FF;
	5CB   :   FF;
	5CC   :   FF;
	5CD   :   FF;
	5CE   :   FF;
	5CF   :   FF;
	5D0   :   FF;
	5D1   :   FF;
	5D2   :   FF;
	5D3   :   FF;
	5D4   :   FF;
	5D5   :   FF;
	5D6   :   FF;
	5D7   :   FF;
	5D8   :   FF;
	5D9   :   FF;
	5DA   :   FF;
	5DB   :   FF;
	5DC   :   FF;
	5DD   :   FF;
	5DE   :   FF;
	5DF   :   FF;
	5E0   :   FF;
	5E1   :   FF;
	5E2   :   FF;
	5E3   :   FF;
	5E4   :   FF;
	5E5   :   FF;
	5E6   :   FF;
	5E7   :   FF;
	5E8   :   FF;
	5E9   :   FF;
	5EA   :   FF;
	5EB   :   FF;
	5EC   :   FF;
	5ED   :   FF;
	5EE   :   FF;
	5EF   :   FF;
	5F0   :   FF;
	5F1   :   FF;
	5F2   :   FF;
	5F3   :   FF;
	5F4   :   FF;
	5F5   :   FF;
	5F6   :   FF;
	5F7   :   FF;
	5F8   :   FF;
	5F9   :   FF;
	5FA   :   FF;
	5FB   :   FF;
	5FC   :   FF;
	5FD   :   FF;
	5FE   :   FF;
	5FF   :   FF;
	600   :   FF;
	601   :   FF;
	602   :   FF;
	603   :   FF;
	604   :   FF;
	605   :   FF;
	606   :   FF;
	607   :   FF;
	608   :   FF;
	609   :   FF;
	60A   :   FF;
	60B   :   FF;
	60C   :   FF;
	60D   :   FF;
	60E   :   FF;
	60F   :   FF;
	610   :   FF;
	611   :   FF;
	612   :   FF;
	613   :   FF;
	614   :   FF;
	615   :   FF;
	616   :   FF;
	617   :   FF;
	618   :   FF;
	619   :   FF;
	61A   :   FF;
	61B   :   FF;
	61C   :   FF;
	61D   :   FF;
	61E   :   FF;
	61F   :   FF;
	620   :   FF;
	621   :   FF;
	622   :   FF;
	623   :   FF;
	624   :   FF;
	625   :   FF;
	626   :   FF;
	627   :   FF;
	628   :   FF;
	629   :   FF;
	62A   :   FF;
	62B   :   FF;
	62C   :   FF;
	62D   :   FF;
	62E   :   FF;
	62F   :   FF;
	630   :   FF;
	631   :   FF;
	632   :   FF;
	633   :   FF;
	634   :   FF;
	635   :   FF;
	636   :   FF;
	637   :   FF;
	638   :   FF;
	639   :   FF;
	63A   :   FF;
	63B   :   FF;
	63C   :   FF;
	63D   :   FF;
	63E   :   FF;
	63F   :   FF;
	640   :   FF;
	641   :   FF;
	642   :   FF;
	643   :   FF;
	644   :   FF;
	645   :   FF;
	646   :   FF;
	647   :   FF;
	648   :   FF;
	649   :   FF;
	64A   :   FF;
	64B   :   FF;
	64C   :   FF;
	64D   :   FF;
	64E   :   FF;
	64F   :   FF;
	650   :   FF;
	651   :   FF;
	652   :   FF;
	653   :   FF;
	654   :   FF;
	655   :   FF;
	656   :   FF;
	657   :   FF;
	658   :   FF;
	659   :   FF;
	65A   :   FF;
	65B   :   FF;
	65C   :   FF;
	65D   :   FF;
	65E   :   FF;
	65F   :   FF;
	660   :   FF;
	661   :   FF;
	662   :   FF;
	663   :   FF;
	664   :   FF;
	665   :   FF;
	666   :   FF;
	667   :   FF;
	668   :   FF;
	669   :   FF;
	66A   :   FF;
	66B   :   FF;
	66C   :   FF;
	66D   :   FF;
	66E   :   FF;
	66F   :   FF;
	670   :   FF;
	671   :   FF;
	672   :   FF;
	673   :   FF;
	674   :   FF;
	675   :   FF;
	676   :   FF;
	677   :   FF;
	678   :   FF;
	679   :   FF;
	67A   :   FF;
	67B   :   FF;
	67C   :   FF;
	67D   :   FF;
	67E   :   FF;
	67F   :   FF;
	680   :   FF;
	681   :   FF;
	682   :   FF;
	683   :   FF;
	684   :   FF;
	685   :   FF;
	686   :   FF;
	687   :   FF;
	688   :   FF;
	689   :   FF;
	68A   :   FF;
	68B   :   FF;
	68C   :   FF;
	68D   :   FF;
	68E   :   FF;
	68F   :   FF;
	690   :   FF;
	691   :   FF;
	692   :   FF;
	693   :   FF;
	694   :   FF;
	695   :   FF;
	696   :   FF;
	697   :   FF;
	698   :   FF;
	699   :   FF;
	69A   :   FF;
	69B   :   FF;
	69C   :   FF;
	69D   :   FF;
	69E   :   FF;
	69F   :   FF;
	6A0   :   FF;
	6A1   :   FF;
	6A2   :   FF;
	6A3   :   FF;
	6A4   :   FF;
	6A5   :   FF;
	6A6   :   FF;
	6A7   :   FF;
	6A8   :   FF;
	6A9   :   FF;
	6AA   :   FF;
	6AB   :   FF;
	6AC   :   FF;
	6AD   :   FF;
	6AE   :   FF;
	6AF   :   FF;
	6B0   :   FF;
	6B1   :   FF;
	6B2   :   FF;
	6B3   :   FF;
	6B4   :   FF;
	6B5   :   FF;
	6B6   :   FF;
	6B7   :   FF;
	6B8   :   FF;
	6B9   :   FF;
	6BA   :   FF;
	6BB   :   FF;
	6BC   :   FF;
	6BD   :   FF;
	6BE   :   FF;
	6BF   :   FF;
	6C0   :   FF;
	6C1   :   FF;
	6C2   :   FF;
	6C3   :   FF;
	6C4   :   FF;
	6C5   :   FF;
	6C6   :   FF;
	6C7   :   FF;
	6C8   :   FF;
	6C9   :   FF;
	6CA   :   FF;
	6CB   :   FF;
	6CC   :   FF;
	6CD   :   FF;
	6CE   :   FF;
	6CF   :   FF;
	6D0   :   FF;
	6D1   :   FF;
	6D2   :   FF;
	6D3   :   FF;
	6D4   :   FF;
	6D5   :   FF;
	6D6   :   FF;
	6D7   :   FF;
	6D8   :   FF;
	6D9   :   FF;
	6DA   :   FF;
	6DB   :   FF;
	6DC   :   FF;
	6DD   :   FF;
	6DE   :   FF;
	6DF   :   FF;
	6E0   :   FF;
	6E1   :   FF;
	6E2   :   FF;
	6E3   :   FF;
	6E4   :   FF;
	6E5   :   FF;
	6E6   :   FF;
	6E7   :   FF;
	6E8   :   FF;
	6E9   :   FF;
	6EA   :   FF;
	6EB   :   FF;
	6EC   :   FF;
	6ED   :   FF;
	6EE   :   FF;
	6EF   :   FF;
	6F0   :   FF;
	6F1   :   FF;
	6F2   :   FF;
	6F3   :   FF;
	6F4   :   FF;
	6F5   :   FF;
	6F6   :   FF;
	6F7   :   FF;
	6F8   :   FF;
	6F9   :   FF;
	6FA   :   FF;
	6FB   :   FF;
	6FC   :   FF;
	6FD   :   FF;
	6FE   :   FF;
	6FF   :   FF;
	700   :   FF;
	701   :   FF;
	702   :   FF;
	703   :   FF;
	704   :   FF;
	705   :   FF;
	706   :   FF;
	707   :   FF;
	708   :   FF;
	709   :   FF;
	70A   :   FF;
	70B   :   FF;
	70C   :   FF;
	70D   :   FF;
	70E   :   FF;
	70F   :   FF;
	710   :   FF;
	711   :   FF;
	712   :   FF;
	713   :   FF;
	714   :   FF;
	715   :   FF;
	716   :   FF;
	717   :   FF;
	718   :   FF;
	719   :   FF;
	71A   :   FF;
	71B   :   FF;
	71C   :   FF;
	71D   :   FF;
	71E   :   FF;
	71F   :   FF;
	720   :   FF;
	721   :   FF;
	722   :   FF;
	723   :   FF;
	724   :   FF;
	725   :   FF;
	726   :   FF;
	727   :   FF;
	728   :   FF;
	729   :   FF;
	72A   :   FF;
	72B   :   FF;
	72C   :   FF;
	72D   :   FF;
	72E   :   FF;
	72F   :   FF;
	730   :   FF;
	731   :   FF;
	732   :   FF;
	733   :   FF;
	734   :   FF;
	735   :   FF;
	736   :   FF;
	737   :   FF;
	738   :   FF;
	739   :   FF;
	73A   :   FF;
	73B   :   FF;
	73C   :   FF;
	73D   :   FF;
	73E   :   FF;
	73F   :   FF;
	740   :   FF;
	741   :   FF;
	742   :   FF;
	743   :   FF;
	744   :   FF;
	745   :   FF;
	746   :   FF;
	747   :   FF;
	748   :   FF;
	749   :   FF;
	74A   :   FF;
	74B   :   FF;
	74C   :   FF;
	74D   :   FF;
	74E   :   FF;
	74F   :   FF;
	750   :   FF;
	751   :   FF;
	752   :   FF;
	753   :   FF;
	754   :   FF;
	755   :   FF;
	756   :   FF;
	757   :   FF;
	758   :   FF;
	759   :   FF;
	75A   :   FF;
	75B   :   FF;
	75C   :   FF;
	75D   :   FF;
	75E   :   FF;
	75F   :   FF;
	760   :   FF;
	761   :   FF;
	762   :   FF;
	763   :   FF;
	764   :   FF;
	765   :   FF;
	766   :   FF;
	767   :   FF;
	768   :   FF;
	769   :   FF;
	76A   :   FF;
	76B   :   FF;
	76C   :   FF;
	76D   :   FF;
	76E   :   FF;
	76F   :   FF;
	770   :   FF;
	771   :   FF;
	772   :   FF;
	773   :   FF;
	774   :   FF;
	775   :   FF;
	776   :   FF;
	777   :   FF;
	778   :   FF;
	779   :   FF;
	77A   :   FF;
	77B   :   FF;
	77C   :   FF;
	77D   :   FF;
	77E   :   FF;
	77F   :   FF;
	780   :   FF;
	781   :   FF;
	782   :   FF;
	783   :   FF;
	784   :   FF;
	785   :   FF;
	786   :   FF;
	787   :   FF;
	788   :   FF;
	789   :   FF;
	78A   :   FF;
	78B   :   FF;
	78C   :   FF;
	78D   :   FF;
	78E   :   FF;
	78F   :   FF;
	790   :   FF;
	791   :   FF;
	792   :   FF;
	793   :   FF;
	794   :   FF;
	795   :   FF;
	796   :   FF;
	797   :   FF;
	798   :   FF;
	799   :   FF;
	79A   :   FF;
	79B   :   FF;
	79C   :   FF;
	79D   :   FF;
	79E   :   FF;
	79F   :   FF;
	7A0   :   FF;
	7A1   :   FF;
	7A2   :   FF;
	7A3   :   FF;
	7A4   :   FF;
	7A5   :   FF;
	7A6   :   FF;
	7A7   :   FF;
	7A8   :   FF;
	7A9   :   FF;
	7AA   :   FF;
	7AB   :   FF;
	7AC   :   FF;
	7AD   :   FF;
	7AE   :   FF;
	7AF   :   FF;
	7B0   :   FF;
	7B1   :   FF;
	7B2   :   FF;
	7B3   :   FF;
	7B4   :   FF;
	7B5   :   FF;
	7B6   :   FF;
	7B7   :   FF;
	7B8   :   FF;
	7B9   :   FF;
	7BA   :   FF;
	7BB   :   FF;
	7BC   :   FF;
	7BD   :   FF;
	7BE   :   FF;
	7BF   :   FF;
	7C0   :   FF;
	7C1   :   FF;
	7C2   :   FF;
	7C3   :   FF;
	7C4   :   FF;
	7C5   :   FF;
	7C6   :   FF;
	7C7   :   FF;
	7C8   :   FF;
	7C9   :   FF;
	7CA   :   FF;
	7CB   :   FF;
	7CC   :   FF;
	7CD   :   FF;
	7CE   :   FF;
	7CF   :   FF;
	7D0   :   FF;
	7D1   :   FF;
	7D2   :   FF;
	7D3   :   FF;
	7D4   :   FF;
	7D5   :   FF;
	7D6   :   FF;
	7D7   :   FF;
	7D8   :   FF;
	7D9   :   FF;
	7DA   :   FF;
	7DB   :   FF;
	7DC   :   FF;
	7DD   :   FF;
	7DE   :   FF;
	7DF   :   FF;
	7E0   :   FF;
	7E1   :   FF;
	7E2   :   FF;
	7E3   :   FF;
	7E4   :   FF;
	7E5   :   FF;
	7E6   :   FF;
	7E7   :   FF;
	7E8   :   FF;
	7E9   :   FF;
	7EA   :   FF;
	7EB   :   FF;
	7EC   :   FF;
	7ED   :   FF;
	7EE   :   FF;
	7EF   :   FF;
	7F0   :   FF;
	7F1   :   FF;
	7F2   :   FF;
	7F3   :   FF;
	7F4   :   FF;
	7F5   :   FF;
	7F6   :   FF;
	7F7   :   FF;
	7F8   :   FF;
	7F9   :   FF;
	7FA   :   FF;
	7FB   :   FF;
	7FC   :   FF;
	7FD   :   FF;
	7FE   :   FF;
	7FF   :   FF;
	800   :   FF;
	801   :   FF;
	802   :   FF;
	803   :   FF;
	804   :   FF;
	805   :   FF;
	806   :   FF;
	807   :   FF;
	808   :   FF;
	809   :   FF;
	80A   :   FF;
	80B   :   FF;
	80C   :   FF;
	80D   :   FF;
	80E   :   FF;
	80F   :   FF;
	810   :   FF;
	811   :   FF;
	812   :   FF;
	813   :   FF;
	814   :   FF;
	815   :   FF;
	816   :   FF;
	817   :   FF;
	818   :   FF;
	819   :   FF;
	81A   :   FF;
	81B   :   FF;
	81C   :   FF;
	81D   :   FF;
	81E   :   FF;
	81F   :   FF;
	820   :   FF;
	821   :   FF;
	822   :   FF;
	823   :   FF;
	824   :   FF;
	825   :   FF;
	826   :   FF;
	827   :   FF;
	828   :   FF;
	829   :   FF;
	82A   :   FF;
	82B   :   FF;
	82C   :   FF;
	82D   :   FF;
	82E   :   FF;
	82F   :   FF;
	830   :   FF;
	831   :   FF;
	832   :   FF;
	833   :   FF;
	834   :   FF;
	835   :   FF;
	836   :   FF;
	837   :   FF;
	838   :   FF;
	839   :   FF;
	83A   :   FF;
	83B   :   FF;
	83C   :   FF;
	83D   :   FF;
	83E   :   FF;
	83F   :   FF;
	840   :   FF;
	841   :   FF;
	842   :   FF;
	843   :   FF;
	844   :   FF;
	845   :   FF;
	846   :   FF;
	847   :   FF;
	848   :   FF;
	849   :   FF;
	84A   :   FF;
	84B   :   FF;
	84C   :   FF;
	84D   :   FF;
	84E   :   FF;
	84F   :   FF;
	850   :   FF;
	851   :   FF;
	852   :   FF;
	853   :   FF;
	854   :   FF;
	855   :   FF;
	856   :   FF;
	857   :   FF;
	858   :   FF;
	859   :   FF;
	85A   :   FF;
	85B   :   FF;
	85C   :   FF;
	85D   :   FF;
	85E   :   FF;
	85F   :   FF;
	860   :   FF;
	861   :   FF;
	862   :   FF;
	863   :   FF;
	864   :   FF;
	865   :   FF;
	866   :   FF;
	867   :   FF;
	868   :   FF;
	869   :   FF;
	86A   :   FF;
	86B   :   FF;
	86C   :   FF;
	86D   :   FF;
	86E   :   FF;
	86F   :   FF;
	870   :   FF;
	871   :   FF;
	872   :   FF;
	873   :   FF;
	874   :   FF;
	875   :   FF;
	876   :   FF;
	877   :   FF;
	878   :   FF;
	879   :   FF;
	87A   :   FF;
	87B   :   FF;
	87C   :   FF;
	87D   :   FF;
	87E   :   FF;
	87F   :   FF;
	880   :   FF;
	881   :   FF;
	882   :   FF;
	883   :   FF;
	884   :   FF;
	885   :   FF;
	886   :   FF;
	887   :   FF;
	888   :   FF;
	889   :   FF;
	88A   :   FF;
	88B   :   FF;
	88C   :   FF;
	88D   :   FF;
	88E   :   FF;
	88F   :   FF;
	890   :   FF;
	891   :   FF;
	892   :   FF;
	893   :   FF;
	894   :   FF;
	895   :   FF;
	896   :   FF;
	897   :   FF;
	898   :   FF;
	899   :   FF;
	89A   :   FF;
	89B   :   FF;
	89C   :   FF;
	89D   :   FF;
	89E   :   FF;
	89F   :   FF;
	8A0   :   FF;
	8A1   :   FF;
	8A2   :   FF;
	8A3   :   FF;
	8A4   :   FF;
	8A5   :   FF;
	8A6   :   FF;
	8A7   :   FF;
	8A8   :   FF;
	8A9   :   FF;
	8AA   :   FF;
	8AB   :   FF;
	8AC   :   FF;
	8AD   :   FF;
	8AE   :   FF;
	8AF   :   FF;
	8B0   :   FF;
	8B1   :   FF;
	8B2   :   FF;
	8B3   :   FF;
	8B4   :   FF;
	8B5   :   FF;
	8B6   :   FF;
	8B7   :   FF;
	8B8   :   FF;
	8B9   :   FF;
	8BA   :   FF;
	8BB   :   FF;
	8BC   :   FF;
	8BD   :   FF;
	8BE   :   FF;
	8BF   :   FF;
	8C0   :   FF;
	8C1   :   FF;
	8C2   :   FF;
	8C3   :   FF;
	8C4   :   FF;
	8C5   :   FF;
	8C6   :   FF;
	8C7   :   FF;
	8C8   :   FF;
	8C9   :   FF;
	8CA   :   FF;
	8CB   :   FF;
	8CC   :   FF;
	8CD   :   FF;
	8CE   :   FF;
	8CF   :   FF;
	8D0   :   FF;
	8D1   :   FF;
	8D2   :   FF;
	8D3   :   FF;
	8D4   :   FF;
	8D5   :   FF;
	8D6   :   FF;
	8D7   :   FF;
	8D8   :   FF;
	8D9   :   FF;
	8DA   :   FF;
	8DB   :   FF;
	8DC   :   FF;
	8DD   :   FF;
	8DE   :   FF;
	8DF   :   FF;
	8E0   :   FF;
	8E1   :   FF;
	8E2   :   FF;
	8E3   :   FF;
	8E4   :   FF;
	8E5   :   FF;
	8E6   :   FF;
	8E7   :   FF;
	8E8   :   FF;
	8E9   :   FF;
	8EA   :   FF;
	8EB   :   FF;
	8EC   :   FF;
	8ED   :   FF;
	8EE   :   FF;
	8EF   :   FF;
	8F0   :   FF;
	8F1   :   FF;
	8F2   :   FF;
	8F3   :   FF;
	8F4   :   FF;
	8F5   :   FF;
	8F6   :   FF;
	8F7   :   FF;
	8F8   :   FF;
	8F9   :   FF;
	8FA   :   FF;
	8FB   :   FF;
	8FC   :   FF;
	8FD   :   FF;
	8FE   :   FF;
	8FF   :   FF;
	900   :   FF;
	901   :   FF;
	902   :   FF;
	903   :   FF;
	904   :   FF;
	905   :   FF;
	906   :   FF;
	907   :   FF;
	908   :   FF;
	909   :   FF;
	90A   :   FF;
	90B   :   FF;
	90C   :   FF;
	90D   :   FF;
	90E   :   FF;
	90F   :   FF;
	910   :   FF;
	911   :   FF;
	912   :   FF;
	913   :   FF;
	914   :   FF;
	915   :   FF;
	916   :   FF;
	917   :   FF;
	918   :   FF;
	919   :   FF;
	91A   :   FF;
	91B   :   FF;
	91C   :   FF;
	91D   :   FF;
	91E   :   FF;
	91F   :   FF;
	920   :   FF;
	921   :   FF;
	922   :   FF;
	923   :   FF;
	924   :   FF;
	925   :   FF;
	926   :   FF;
	927   :   FF;
	928   :   FF;
	929   :   FF;
	92A   :   FF;
	92B   :   FF;
	92C   :   FF;
	92D   :   FF;
	92E   :   FF;
	92F   :   FF;
	930   :   FF;
	931   :   FF;
	932   :   FF;
	933   :   FF;
	934   :   FF;
	935   :   FF;
	936   :   FF;
	937   :   FF;
	938   :   FF;
	939   :   FF;
	93A   :   FF;
	93B   :   FF;
	93C   :   FF;
	93D   :   FF;
	93E   :   FF;
	93F   :   FF;
	940   :   FF;
	941   :   FF;
	942   :   FF;
	943   :   FF;
	944   :   FF;
	945   :   FF;
	946   :   FF;
	947   :   FF;
	948   :   FF;
	949   :   FF;
	94A   :   FF;
	94B   :   FF;
	94C   :   FF;
	94D   :   FF;
	94E   :   FF;
	94F   :   FF;
	950   :   FF;
	951   :   FF;
	952   :   FF;
	953   :   FF;
	954   :   FF;
	955   :   FF;
	956   :   FF;
	957   :   FF;
	958   :   FF;
	959   :   FF;
	95A   :   FF;
	95B   :   FF;
	95C   :   FF;
	95D   :   FF;
	95E   :   FF;
	95F   :   FF;
	960   :   FF;
	961   :   FF;
	962   :   FF;
	963   :   FF;
	964   :   FF;
	965   :   FF;
	966   :   FF;
	967   :   FF;
	968   :   FF;
	969   :   FF;
	96A   :   FF;
	96B   :   FF;
	96C   :   FF;
	96D   :   FF;
	96E   :   FF;
	96F   :   FF;
	970   :   FF;
	971   :   FF;
	972   :   FF;
	973   :   FF;
	974   :   FF;
	975   :   FF;
	976   :   FF;
	977   :   FF;
	978   :   FF;
	979   :   FF;
	97A   :   FF;
	97B   :   FF;
	97C   :   FF;
	97D   :   FF;
	97E   :   FF;
	97F   :   FF;
	980   :   FF;
	981   :   FF;
	982   :   FF;
	983   :   FF;
	984   :   FF;
	985   :   FF;
	986   :   FF;
	987   :   FF;
	988   :   FF;
	989   :   FF;
	98A   :   FF;
	98B   :   FF;
	98C   :   FF;
	98D   :   FF;
	98E   :   FF;
	98F   :   FF;
	990   :   FF;
	991   :   FF;
	992   :   FF;
	993   :   FF;
	994   :   FF;
	995   :   FF;
	996   :   FF;
	997   :   FF;
	998   :   FF;
	999   :   FF;
	99A   :   FF;
	99B   :   FF;
	99C   :   FF;
	99D   :   FF;
	99E   :   FF;
	99F   :   FF;
	9A0   :   FF;
	9A1   :   FF;
	9A2   :   FF;
	9A3   :   FF;
	9A4   :   FF;
	9A5   :   FF;
	9A6   :   FF;
	9A7   :   FF;
	9A8   :   FF;
	9A9   :   FF;
	9AA   :   FF;
	9AB   :   FF;
	9AC   :   FF;
	9AD   :   FF;
	9AE   :   FF;
	9AF   :   FF;
	9B0   :   FF;
	9B1   :   FF;
	9B2   :   FF;
	9B3   :   FF;
	9B4   :   FF;
	9B5   :   FF;
	9B6   :   FF;
	9B7   :   FF;
	9B8   :   FF;
	9B9   :   FF;
	9BA   :   FF;
	9BB   :   FF;
	9BC   :   FF;
	9BD   :   FF;
	9BE   :   FF;
	9BF   :   FF;
	9C0   :   FF;
	9C1   :   FF;
	9C2   :   FF;
	9C3   :   FF;
	9C4   :   FF;
	9C5   :   FF;
	9C6   :   FF;
	9C7   :   FF;
	9C8   :   FF;
	9C9   :   FF;
	9CA   :   FF;
	9CB   :   FF;
	9CC   :   FF;
	9CD   :   FF;
	9CE   :   FF;
	9CF   :   FF;
	9D0   :   FF;
	9D1   :   FF;
	9D2   :   FF;
	9D3   :   FF;
	9D4   :   FF;
	9D5   :   FF;
	9D6   :   FF;
	9D7   :   FF;
	9D8   :   FF;
	9D9   :   FF;
	9DA   :   FF;
	9DB   :   FF;
	9DC   :   FF;
	9DD   :   FF;
	9DE   :   FF;
	9DF   :   FF;
	9E0   :   FF;
	9E1   :   FF;
	9E2   :   FF;
	9E3   :   FF;
	9E4   :   FF;
	9E5   :   FF;
	9E6   :   FF;
	9E7   :   FF;
	9E8   :   FF;
	9E9   :   FF;
	9EA   :   FF;
	9EB   :   FF;
	9EC   :   FF;
	9ED   :   FF;
	9EE   :   FF;
	9EF   :   FF;
	9F0   :   FF;
	9F1   :   FF;
	9F2   :   FF;
	9F3   :   FF;
	9F4   :   FF;
	9F5   :   FF;
	9F6   :   FF;
	9F7   :   FF;
	9F8   :   FF;
	9F9   :   FF;
	9FA   :   FF;
	9FB   :   FF;
	9FC   :   FF;
	9FD   :   FF;
	9FE   :   FF;
	9FF   :   FF;
	A00   :   FF;
	A01   :   FF;
	A02   :   FF;
	A03   :   FF;
	A04   :   FF;
	A05   :   FF;
	A06   :   FF;
	A07   :   FF;
	A08   :   FF;
	A09   :   FF;
	A0A   :   FF;
	A0B   :   FF;
	A0C   :   FF;
	A0D   :   FF;
	A0E   :   FF;
	A0F   :   FF;
	A10   :   FF;
	A11   :   FF;
	A12   :   FF;
	A13   :   FF;
	A14   :   FF;
	A15   :   FF;
	A16   :   FF;
	A17   :   FF;
	A18   :   FF;
	A19   :   FF;
	A1A   :   FF;
	A1B   :   FF;
	A1C   :   FF;
	A1D   :   FF;
	A1E   :   FF;
	A1F   :   FF;
	A20   :   FF;
	A21   :   FF;
	A22   :   FF;
	A23   :   FF;
	A24   :   FF;
	A25   :   FF;
	A26   :   FF;
	A27   :   FF;
	A28   :   FF;
	A29   :   FF;
	A2A   :   FF;
	A2B   :   FF;
	A2C   :   FF;
	A2D   :   FF;
	A2E   :   FF;
	A2F   :   FF;
	A30   :   FF;
	A31   :   FF;
	A32   :   FF;
	A33   :   FF;
	A34   :   FF;
	A35   :   FF;
	A36   :   FF;
	A37   :   FF;
	A38   :   FF;
	A39   :   FF;
	A3A   :   FF;
	A3B   :   FF;
	A3C   :   FF;
	A3D   :   FF;
	A3E   :   FF;
	A3F   :   FF;
	A40   :   FF;
	A41   :   FF;
	A42   :   FF;
	A43   :   FF;
	A44   :   FF;
	A45   :   FF;
	A46   :   FF;
	A47   :   FF;
	A48   :   FF;
	A49   :   FF;
	A4A   :   FF;
	A4B   :   FF;
	A4C   :   FF;
	A4D   :   FF;
	A4E   :   FF;
	A4F   :   FF;
	A50   :   FF;
	A51   :   FF;
	A52   :   FF;
	A53   :   FF;
	A54   :   FF;
	A55   :   FF;
	A56   :   FF;
	A57   :   FF;
	A58   :   FF;
	A59   :   FF;
	A5A   :   FF;
	A5B   :   FF;
	A5C   :   FF;
	A5D   :   FF;
	A5E   :   FF;
	A5F   :   FF;
	A60   :   FF;
	A61   :   FF;
	A62   :   FF;
	A63   :   FF;
	A64   :   FF;
	A65   :   FF;
	A66   :   FF;
	A67   :   FF;
	A68   :   FF;
	A69   :   FF;
	A6A   :   FF;
	A6B   :   FF;
	A6C   :   FF;
	A6D   :   FF;
	A6E   :   FF;
	A6F   :   FF;
	A70   :   FF;
	A71   :   FF;
	A72   :   FF;
	A73   :   FF;
	A74   :   FF;
	A75   :   FF;
	A76   :   FF;
	A77   :   FF;
	A78   :   FF;
	A79   :   FF;
	A7A   :   FF;
	A7B   :   FF;
	A7C   :   FF;
	A7D   :   FF;
	A7E   :   FF;
	A7F   :   FF;
	A80   :   FF;
	A81   :   FF;
	A82   :   FF;
	A83   :   FF;
	A84   :   FF;
	A85   :   FF;
	A86   :   FF;
	A87   :   FF;
	A88   :   FF;
	A89   :   FF;
	A8A   :   FF;
	A8B   :   FF;
	A8C   :   FF;
	A8D   :   FF;
	A8E   :   FF;
	A8F   :   FF;
	A90   :   FF;
	A91   :   FF;
	A92   :   FF;
	A93   :   FF;
	A94   :   FF;
	A95   :   FF;
	A96   :   FF;
	A97   :   FF;
	A98   :   FF;
	A99   :   FF;
	A9A   :   FF;
	A9B   :   FF;
	A9C   :   FF;
	A9D   :   FF;
	A9E   :   FF;
	A9F   :   FF;
	AA0   :   FF;
	AA1   :   FF;
	AA2   :   FF;
	AA3   :   FF;
	AA4   :   FF;
	AA5   :   FF;
	AA6   :   FF;
	AA7   :   FF;
	AA8   :   FF;
	AA9   :   FF;
	AAA   :   FF;
	AAB   :   FF;
	AAC   :   FF;
	AAD   :   FF;
	AAE   :   FF;
	AAF   :   FF;
	AB0   :   FF;
	AB1   :   FF;
	AB2   :   FF;
	AB3   :   FF;
	AB4   :   FF;
	AB5   :   FF;
	AB6   :   FF;
	AB7   :   FF;
	AB8   :   FF;
	AB9   :   FF;
	ABA   :   FF;
	ABB   :   FF;
	ABC   :   FF;
	ABD   :   FF;
	ABE   :   FF;
	ABF   :   FF;
	AC0   :   FF;
	AC1   :   FF;
	AC2   :   FF;
	AC3   :   FF;
	AC4   :   FF;
	AC5   :   FF;
	AC6   :   FF;
	AC7   :   FF;
	AC8   :   FF;
	AC9   :   FF;
	ACA   :   FF;
	ACB   :   FF;
	ACC   :   FF;
	ACD   :   FF;
	ACE   :   FF;
	ACF   :   FF;
	AD0   :   FF;
	AD1   :   FF;
	AD2   :   FF;
	AD3   :   FF;
	AD4   :   FF;
	AD5   :   FF;
	AD6   :   FF;
	AD7   :   FF;
	AD8   :   FF;
	AD9   :   FF;
	ADA   :   FF;
	ADB   :   FF;
	ADC   :   FF;
	ADD   :   FF;
	ADE   :   FF;
	ADF   :   FF;
	AE0   :   FF;
	AE1   :   FF;
	AE2   :   FF;
	AE3   :   FF;
	AE4   :   FF;
	AE5   :   FF;
	AE6   :   FF;
	AE7   :   FF;
	AE8   :   FF;
	AE9   :   FF;
	AEA   :   FF;
	AEB   :   FF;
	AEC   :   FF;
	AED   :   FF;
	AEE   :   FF;
	AEF   :   FF;
	AF0   :   FF;
	AF1   :   FF;
	AF2   :   FF;
	AF3   :   FF;
	AF4   :   FF;
	AF5   :   FF;
	AF6   :   FF;
	AF7   :   FF;
	AF8   :   FF;
	AF9   :   FF;
	AFA   :   FF;
	AFB   :   FF;
	AFC   :   FF;
	AFD   :   FF;
	AFE   :   FF;
	AFF   :   FF;
	B00   :   FF;
	B01   :   FF;
	B02   :   FF;
	B03   :   FF;
	B04   :   FF;
	B05   :   FF;
	B06   :   FF;
	B07   :   FF;
	B08   :   FF;
	B09   :   FF;
	B0A   :   FF;
	B0B   :   FF;
	B0C   :   FF;
	B0D   :   FF;
	B0E   :   FF;
	B0F   :   FF;
	B10   :   FF;
	B11   :   FF;
	B12   :   FF;
	B13   :   FF;
	B14   :   FF;
	B15   :   FF;
	B16   :   FF;
	B17   :   FF;
	B18   :   FF;
	B19   :   FF;
	B1A   :   FF;
	B1B   :   FF;
	B1C   :   FF;
	B1D   :   FF;
	B1E   :   FF;
	B1F   :   FF;
	B20   :   FF;
	B21   :   FF;
	B22   :   FF;
	B23   :   FF;
	B24   :   FF;
	B25   :   FF;
	B26   :   FF;
	B27   :   FF;
	B28   :   FF;
	B29   :   FF;
	B2A   :   FF;
	B2B   :   FF;
	B2C   :   FF;
	B2D   :   FF;
	B2E   :   FF;
	B2F   :   FF;
	B30   :   FF;
	B31   :   FF;
	B32   :   FF;
	B33   :   FF;
	B34   :   FF;
	B35   :   FF;
	B36   :   FF;
	B37   :   FF;
	B38   :   FF;
	B39   :   FF;
	B3A   :   FF;
	B3B   :   FF;
	B3C   :   FF;
	B3D   :   FF;
	B3E   :   FF;
	B3F   :   FF;
	B40   :   FF;
	B41   :   FF;
	B42   :   FF;
	B43   :   FF;
	B44   :   FF;
	B45   :   FF;
	B46   :   FF;
	B47   :   FF;
	B48   :   FF;
	B49   :   FF;
	B4A   :   FF;
	B4B   :   FF;
	B4C   :   FF;
	B4D   :   FF;
	B4E   :   FF;
	B4F   :   FF;
	B50   :   FF;
	B51   :   FF;
	B52   :   FF;
	B53   :   FF;
	B54   :   FF;
	B55   :   FF;
	B56   :   FF;
	B57   :   FF;
	B58   :   FF;
	B59   :   FF;
	B5A   :   FF;
	B5B   :   FF;
	B5C   :   FF;
	B5D   :   FF;
	B5E   :   FF;
	B5F   :   FF;
	B60   :   FF;
	B61   :   FF;
	B62   :   FF;
	B63   :   FF;
	B64   :   FF;
	B65   :   FF;
	B66   :   FF;
	B67   :   FF;
	B68   :   FF;
	B69   :   FF;
	B6A   :   FF;
	B6B   :   FF;
	B6C   :   FF;
	B6D   :   FF;
	B6E   :   FF;
	B6F   :   FF;
	B70   :   FF;
	B71   :   FF;
	B72   :   FF;
	B73   :   FF;
	B74   :   FF;
	B75   :   FF;
	B76   :   FF;
	B77   :   FF;
	B78   :   FF;
	B79   :   FF;
	B7A   :   FF;
	B7B   :   FF;
	B7C   :   FF;
	B7D   :   FF;
	B7E   :   FF;
	B7F   :   FF;
	B80   :   FF;
	B81   :   FF;
	B82   :   FF;
	B83   :   FF;
	B84   :   FF;
	B85   :   FF;
	B86   :   FF;
	B87   :   FF;
	B88   :   FF;
	B89   :   FF;
	B8A   :   FF;
	B8B   :   FF;
	B8C   :   FF;
	B8D   :   FF;
	B8E   :   FF;
	B8F   :   FF;
	B90   :   FF;
	B91   :   FF;
	B92   :   FF;
	B93   :   FF;
	B94   :   FF;
	B95   :   FF;
	B96   :   FF;
	B97   :   FF;
	B98   :   FF;
	B99   :   FF;
	B9A   :   FF;
	B9B   :   FF;
	B9C   :   FF;
	B9D   :   FF;
	B9E   :   FF;
	B9F   :   FF;
	BA0   :   FF;
	BA1   :   FF;
	BA2   :   FF;
	BA3   :   FF;
	BA4   :   FF;
	BA5   :   FF;
	BA6   :   FF;
	BA7   :   FF;
	BA8   :   FF;
	BA9   :   FF;
	BAA   :   FF;
	BAB   :   FF;
	BAC   :   FF;
	BAD   :   FF;
	BAE   :   FF;
	BAF   :   FF;
	BB0   :   FF;
	BB1   :   FF;
	BB2   :   FF;
	BB3   :   FF;
	BB4   :   FF;
	BB5   :   FF;
	BB6   :   FF;
	BB7   :   FF;
	BB8   :   FF;
	BB9   :   FF;
	BBA   :   FF;
	BBB   :   FF;
	BBC   :   FF;
	BBD   :   FF;
	BBE   :   FF;
	BBF   :   FF;
	BC0   :   FF;
	BC1   :   FF;
	BC2   :   FF;
	BC3   :   FF;
	BC4   :   FF;
	BC5   :   FF;
	BC6   :   FF;
	BC7   :   FF;
	BC8   :   FF;
	BC9   :   FF;
	BCA   :   FF;
	BCB   :   FF;
	BCC   :   FF;
	BCD   :   FF;
	BCE   :   FF;
	BCF   :   FF;
	BD0   :   FF;
	BD1   :   FF;
	BD2   :   FF;
	BD3   :   FF;
	BD4   :   FF;
	BD5   :   FF;
	BD6   :   FF;
	BD7   :   FF;
	BD8   :   FF;
	BD9   :   FF;
	BDA   :   FF;
	BDB   :   FF;
	BDC   :   FF;
	BDD   :   FF;
	BDE   :   FF;
	BDF   :   FF;
	BE0   :   FF;
	BE1   :   FF;
	BE2   :   FF;
	BE3   :   FF;
	BE4   :   FF;
	BE5   :   FF;
	BE6   :   FF;
	BE7   :   FF;
	BE8   :   FF;
	BE9   :   FF;
	BEA   :   FF;
	BEB   :   FF;
	BEC   :   FF;
	BED   :   FF;
	BEE   :   FF;
	BEF   :   FF;
	BF0   :   FF;
	BF1   :   FF;
	BF2   :   FF;
	BF3   :   FF;
	BF4   :   FF;
	BF5   :   FF;
	BF6   :   FF;
	BF7   :   FF;
	BF8   :   FF;
	BF9   :   FF;
	BFA   :   FF;
	BFB   :   FF;
	BFC   :   FF;
	BFD   :   FF;
	BFE   :   FF;
	BFF   :   FF;
	C00   :   FF;
	C01   :   FF;
	C02   :   FF;
	C03   :   FF;
	C04   :   FF;
	C05   :   FF;
	C06   :   FF;
	C07   :   FF;
	C08   :   FF;
	C09   :   FF;
	C0A   :   FF;
	C0B   :   FF;
	C0C   :   FF;
	C0D   :   FF;
	C0E   :   FF;
	C0F   :   FF;
	C10   :   FF;
	C11   :   FF;
	C12   :   FF;
	C13   :   FF;
	C14   :   FF;
	C15   :   FF;
	C16   :   FF;
	C17   :   FF;
	C18   :   FF;
	C19   :   FF;
	C1A   :   FF;
	C1B   :   FF;
	C1C   :   FF;
	C1D   :   FF;
	C1E   :   FF;
	C1F   :   FF;
	C20   :   FF;
	C21   :   FF;
	C22   :   FF;
	C23   :   FF;
	C24   :   FF;
	C25   :   FF;
	C26   :   FF;
	C27   :   FF;
	C28   :   FF;
	C29   :   FF;
	C2A   :   FF;
	C2B   :   FF;
	C2C   :   FF;
	C2D   :   FF;
	C2E   :   FF;
	C2F   :   FF;
	C30   :   FF;
	C31   :   FF;
	C32   :   FF;
	C33   :   FF;
	C34   :   FF;
	C35   :   FF;
	C36   :   FF;
	C37   :   FF;
	C38   :   FF;
	C39   :   FF;
	C3A   :   FF;
	C3B   :   FF;
	C3C   :   FF;
	C3D   :   FF;
	C3E   :   FF;
	C3F   :   FF;
	C40   :   FF;
	C41   :   FF;
	C42   :   FF;
	C43   :   FF;
	C44   :   FF;
	C45   :   FF;
	C46   :   FF;
	C47   :   FF;
	C48   :   FF;
	C49   :   FF;
	C4A   :   FF;
	C4B   :   FF;
	C4C   :   FF;
	C4D   :   FF;
	C4E   :   FF;
	C4F   :   FF;
	C50   :   FF;
	C51   :   FF;
	C52   :   FF;
	C53   :   FF;
	C54   :   FF;
	C55   :   FF;
	C56   :   FF;
	C57   :   FF;
	C58   :   FF;
	C59   :   FF;
	C5A   :   FF;
	C5B   :   FF;
	C5C   :   FF;
	C5D   :   FF;
	C5E   :   FF;
	C5F   :   FF;
	C60   :   FF;
	C61   :   FF;
	C62   :   FF;
	C63   :   FF;
	C64   :   FF;
	C65   :   FF;
	C66   :   FF;
	C67   :   FF;
	C68   :   FF;
	C69   :   FF;
	C6A   :   FF;
	C6B   :   FF;
	C6C   :   FF;
	C6D   :   FF;
	C6E   :   FF;
	C6F   :   FF;
	C70   :   FF;
	C71   :   FF;
	C72   :   FF;
	C73   :   FF;
	C74   :   FF;
	C75   :   FF;
	C76   :   FF;
	C77   :   FF;
	C78   :   FF;
	C79   :   FF;
	C7A   :   FF;
	C7B   :   FF;
	C7C   :   FF;
	C7D   :   FF;
	C7E   :   FF;
	C7F   :   FF;
	C80   :   FF;
	C81   :   FF;
	C82   :   FF;
	C83   :   FF;
	C84   :   FF;
	C85   :   FF;
	C86   :   FF;
	C87   :   FF;
	C88   :   FF;
	C89   :   FF;
	C8A   :   FF;
	C8B   :   FF;
	C8C   :   FF;
	C8D   :   FF;
	C8E   :   FF;
	C8F   :   FF;
	C90   :   FF;
	C91   :   FF;
	C92   :   FF;
	C93   :   FF;
	C94   :   FF;
	C95   :   FF;
	C96   :   FF;
	C97   :   FF;
	C98   :   FF;
	C99   :   FF;
	C9A   :   FF;
	C9B   :   FF;
	C9C   :   FF;
	C9D   :   FF;
	C9E   :   FF;
	C9F   :   FF;
	CA0   :   FF;
	CA1   :   FF;
	CA2   :   FF;
	CA3   :   FF;
	CA4   :   FF;
	CA5   :   FF;
	CA6   :   FF;
	CA7   :   FF;
	CA8   :   FF;
	CA9   :   FF;
	CAA   :   FF;
	CAB   :   FF;
	CAC   :   FF;
	CAD   :   FF;
	CAE   :   FF;
	CAF   :   FF;
	CB0   :   FF;
	CB1   :   FF;
	CB2   :   FF;
	CB3   :   FF;
	CB4   :   FF;
	CB5   :   FF;
	CB6   :   FF;
	CB7   :   FF;
	CB8   :   FF;
	CB9   :   FF;
	CBA   :   FF;
	CBB   :   FF;
	CBC   :   FF;
	CBD   :   FF;
	CBE   :   FF;
	CBF   :   FF;
	CC0   :   FF;
	CC1   :   FF;
	CC2   :   FF;
	CC3   :   FF;
	CC4   :   FF;
	CC5   :   FF;
	CC6   :   FF;
	CC7   :   FF;
	CC8   :   FF;
	CC9   :   FF;
	CCA   :   FF;
	CCB   :   FF;
	CCC   :   FF;
	CCD   :   FF;
	CCE   :   FF;
	CCF   :   FF;
	CD0   :   FF;
	CD1   :   FF;
	CD2   :   FF;
	CD3   :   FF;
	CD4   :   FF;
	CD5   :   FF;
	CD6   :   FF;
	CD7   :   FF;
	CD8   :   FF;
	CD9   :   FF;
	CDA   :   FF;
	CDB   :   FF;
	CDC   :   FF;
	CDD   :   FF;
	CDE   :   FF;
	CDF   :   FF;
	CE0   :   FF;
	CE1   :   FF;
	CE2   :   FF;
	CE3   :   FF;
	CE4   :   FF;
	CE5   :   FF;
	CE6   :   FF;
	CE7   :   FF;
	CE8   :   FF;
	CE9   :   FF;
	CEA   :   FF;
	CEB   :   FF;
	CEC   :   FF;
	CED   :   FF;
	CEE   :   FF;
	CEF   :   FF;
	CF0   :   FF;
	CF1   :   FF;
	CF2   :   FF;
	CF3   :   FF;
	CF4   :   FF;
	CF5   :   FF;
	CF6   :   FF;
	CF7   :   FF;
	CF8   :   FF;
	CF9   :   FF;
	CFA   :   FF;
	CFB   :   FF;
	CFC   :   FF;
	CFD   :   FF;
	CFE   :   FF;
	CFF   :   FF;
	D00   :   FF;
	D01   :   FF;
	D02   :   FF;
	D03   :   FF;
	D04   :   FF;
	D05   :   FF;
	D06   :   FF;
	D07   :   FF;
	D08   :   FF;
	D09   :   FF;
	D0A   :   FF;
	D0B   :   FF;
	D0C   :   FF;
	D0D   :   FF;
	D0E   :   FF;
	D0F   :   FF;
	D10   :   FF;
	D11   :   FF;
	D12   :   FF;
	D13   :   FF;
	D14   :   FF;
	D15   :   FF;
	D16   :   FF;
	D17   :   FF;
	D18   :   FF;
	D19   :   FF;
	D1A   :   FF;
	D1B   :   FF;
	D1C   :   FF;
	D1D   :   FF;
	D1E   :   FF;
	D1F   :   FF;
	D20   :   FF;
	D21   :   FF;
	D22   :   FF;
	D23   :   FF;
	D24   :   FF;
	D25   :   FF;
	D26   :   FF;
	D27   :   FF;
	D28   :   FF;
	D29   :   FF;
	D2A   :   FF;
	D2B   :   FF;
	D2C   :   FF;
	D2D   :   FF;
	D2E   :   FF;
	D2F   :   FF;
	D30   :   FF;
	D31   :   FF;
	D32   :   FF;
	D33   :   FF;
	D34   :   FF;
	D35   :   FF;
	D36   :   FF;
	D37   :   FF;
	D38   :   FF;
	D39   :   FF;
	D3A   :   FF;
	D3B   :   FF;
	D3C   :   FF;
	D3D   :   FF;
	D3E   :   FF;
	D3F   :   FF;
	D40   :   FF;
	D41   :   FF;
	D42   :   FF;
	D43   :   FF;
	D44   :   FF;
	D45   :   FF;
	D46   :   FF;
	D47   :   FF;
	D48   :   FF;
	D49   :   FF;
	D4A   :   FF;
	D4B   :   FF;
	D4C   :   FF;
	D4D   :   FF;
	D4E   :   FF;
	D4F   :   FF;
	D50   :   FF;
	D51   :   FF;
	D52   :   FF;
	D53   :   FF;
	D54   :   FF;
	D55   :   FF;
	D56   :   FF;
	D57   :   FF;
	D58   :   FF;
	D59   :   FF;
	D5A   :   FF;
	D5B   :   FF;
	D5C   :   FF;
	D5D   :   FF;
	D5E   :   FF;
	D5F   :   FF;
	D60   :   FF;
	D61   :   FF;
	D62   :   FF;
	D63   :   FF;
	D64   :   FF;
	D65   :   FF;
	D66   :   FF;
	D67   :   FF;
	D68   :   FF;
	D69   :   FF;
	D6A   :   FF;
	D6B   :   FF;
	D6C   :   FF;
	D6D   :   FF;
	D6E   :   FF;
	D6F   :   FF;
	D70   :   FF;
	D71   :   FF;
	D72   :   FF;
	D73   :   FF;
	D74   :   FF;
	D75   :   FF;
	D76   :   FF;
	D77   :   FF;
	D78   :   FF;
	D79   :   FF;
	D7A   :   FF;
	D7B   :   FF;
	D7C   :   FF;
	D7D   :   FF;
	D7E   :   FF;
	D7F   :   FF;
	D80   :   FF;
	D81   :   FF;
	D82   :   FF;
	D83   :   FF;
	D84   :   FF;
	D85   :   FF;
	D86   :   FF;
	D87   :   FF;
	D88   :   FF;
	D89   :   FF;
	D8A   :   FF;
	D8B   :   FF;
	D8C   :   FF;
	D8D   :   FF;
	D8E   :   FF;
	D8F   :   FF;
	D90   :   FF;
	D91   :   FF;
	D92   :   FF;
	D93   :   FF;
	D94   :   FF;
	D95   :   FF;
	D96   :   FF;
	D97   :   FF;
	D98   :   FF;
	D99   :   FF;
	D9A   :   FF;
	D9B   :   FF;
	D9C   :   FF;
	D9D   :   FF;
	D9E   :   FF;
	D9F   :   FF;
	DA0   :   FF;
	DA1   :   FF;
	DA2   :   FF;
	DA3   :   FF;
	DA4   :   FF;
	DA5   :   FF;
	DA6   :   FF;
	DA7   :   FF;
	DA8   :   FF;
	DA9   :   FF;
	DAA   :   FF;
	DAB   :   FF;
	DAC   :   FF;
	DAD   :   FF;
	DAE   :   FF;
	DAF   :   FF;
	DB0   :   FF;
	DB1   :   FF;
	DB2   :   FF;
	DB3   :   FF;
	DB4   :   FF;
	DB5   :   FF;
	DB6   :   FF;
	DB7   :   FF;
	DB8   :   FF;
	DB9   :   FF;
	DBA   :   FF;
	DBB   :   FF;
	DBC   :   FF;
	DBD   :   FF;
	DBE   :   FF;
	DBF   :   FF;
	DC0   :   FF;
	DC1   :   FF;
	DC2   :   FF;
	DC3   :   FF;
	DC4   :   FF;
	DC5   :   FF;
	DC6   :   FF;
	DC7   :   FF;
	DC8   :   FF;
	DC9   :   FF;
	DCA   :   FF;
	DCB   :   FF;
	DCC   :   FF;
	DCD   :   FF;
	DCE   :   FF;
	DCF   :   FF;
	DD0   :   FF;
	DD1   :   FF;
	DD2   :   FF;
	DD3   :   FF;
	DD4   :   FF;
	DD5   :   FF;
	DD6   :   FF;
	DD7   :   FF;
	DD8   :   FF;
	DD9   :   FF;
	DDA   :   FF;
	DDB   :   FF;
	DDC   :   FF;
	DDD   :   FF;
	DDE   :   FF;
	DDF   :   FF;
	DE0   :   FF;
	DE1   :   FF;
	DE2   :   FF;
	DE3   :   FF;
	DE4   :   FF;
	DE5   :   FF;
	DE6   :   FF;
	DE7   :   FF;
	DE8   :   FF;
	DE9   :   FF;
	DEA   :   FF;
	DEB   :   FF;
	DEC   :   FF;
	DED   :   FF;
	DEE   :   FF;
	DEF   :   FF;
	DF0   :   FF;
	DF1   :   FF;
	DF2   :   FF;
	DF3   :   FF;
	DF4   :   FF;
	DF5   :   FF;
	DF6   :   FF;
	DF7   :   FF;
	DF8   :   FF;
	DF9   :   FF;
	DFA   :   FF;
	DFB   :   FF;
	DFC   :   FF;
	DFD   :   FF;
	DFE   :   FF;
	DFF   :   FF;
	E00   :   FF;
	E01   :   FF;
	E02   :   FF;
	E03   :   FF;
	E04   :   FF;
	E05   :   FF;
	E06   :   FF;
	E07   :   FF;
	E08   :   FF;
	E09   :   FF;
	E0A   :   FF;
	E0B   :   FF;
	E0C   :   FF;
	E0D   :   FF;
	E0E   :   FF;
	E0F   :   FF;
	E10   :   FF;
	E11   :   FF;
	E12   :   FF;
	E13   :   FF;
	E14   :   FF;
	E15   :   FF;
	E16   :   FF;
	E17   :   FF;
	E18   :   FF;
	E19   :   FF;
	E1A   :   FF;
	E1B   :   FF;
	E1C   :   FF;
	E1D   :   FF;
	E1E   :   FF;
	E1F   :   FF;
	E20   :   FF;
	E21   :   FF;
	E22   :   FF;
	E23   :   FF;
	E24   :   FF;
	E25   :   FF;
	E26   :   FF;
	E27   :   FF;
	E28   :   FF;
	E29   :   FF;
	E2A   :   FF;
	E2B   :   FF;
	E2C   :   FF;
	E2D   :   FF;
	E2E   :   FF;
	E2F   :   FF;
	E30   :   FF;
	E31   :   FF;
	E32   :   FF;
	E33   :   FF;
	E34   :   FF;
	E35   :   FF;
	E36   :   FF;
	E37   :   FF;
	E38   :   FF;
	E39   :   FF;
	E3A   :   FF;
	E3B   :   FF;
	E3C   :   FF;
	E3D   :   FF;
	E3E   :   FF;
	E3F   :   FF;
	E40   :   FF;
	E41   :   FF;
	E42   :   FF;
	E43   :   FF;
	E44   :   FF;
	E45   :   FF;
	E46   :   FF;
	E47   :   FF;
	E48   :   FF;
	E49   :   FF;
	E4A   :   FF;
	E4B   :   FF;
	E4C   :   FF;
	E4D   :   FF;
	E4E   :   FF;
	E4F   :   FF;
	E50   :   FF;
	E51   :   FF;
	E52   :   FF;
	E53   :   FF;
	E54   :   FF;
	E55   :   FF;
	E56   :   FF;
	E57   :   FF;
	E58   :   FF;
	E59   :   FF;
	E5A   :   FF;
	E5B   :   FF;
	E5C   :   FF;
	E5D   :   FF;
	E5E   :   FF;
	E5F   :   FF;
	E60   :   FF;
	E61   :   FF;
	E62   :   FF;
	E63   :   FF;
	E64   :   FF;
	E65   :   FF;
	E66   :   FF;
	E67   :   FF;
	E68   :   FF;
	E69   :   FF;
	E6A   :   FF;
	E6B   :   FF;
	E6C   :   FF;
	E6D   :   FF;
	E6E   :   FF;
	E6F   :   FF;
	E70   :   FF;
	E71   :   FF;
	E72   :   FF;
	E73   :   FF;
	E74   :   FF;
	E75   :   FF;
	E76   :   FF;
	E77   :   FF;
	E78   :   FF;
	E79   :   FF;
	E7A   :   FF;
	E7B   :   FF;
	E7C   :   FF;
	E7D   :   FF;
	E7E   :   FF;
	E7F   :   FF;
	E80   :   FF;
	E81   :   FF;
	E82   :   FF;
	E83   :   FF;
	E84   :   FF;
	E85   :   FF;
	E86   :   FF;
	E87   :   FF;
	E88   :   FF;
	E89   :   FF;
	E8A   :   FF;
	E8B   :   FF;
	E8C   :   FF;
	E8D   :   FF;
	E8E   :   FF;
	E8F   :   FF;
	E90   :   FF;
	E91   :   FF;
	E92   :   FF;
	E93   :   FF;
	E94   :   FF;
	E95   :   FF;
	E96   :   FF;
	E97   :   FF;
	E98   :   FF;
	E99   :   FF;
	E9A   :   FF;
	E9B   :   FF;
	E9C   :   FF;
	E9D   :   FF;
	E9E   :   FF;
	E9F   :   FF;
	EA0   :   FF;
	EA1   :   FF;
	EA2   :   FF;
	EA3   :   FF;
	EA4   :   FF;
	EA5   :   FF;
	EA6   :   FF;
	EA7   :   FF;
	EA8   :   FF;
	EA9   :   FF;
	EAA   :   FF;
	EAB   :   FF;
	EAC   :   FF;
	EAD   :   FF;
	EAE   :   FF;
	EAF   :   FF;
	EB0   :   FF;
	EB1   :   FF;
	EB2   :   FF;
	EB3   :   FF;
	EB4   :   FF;
	EB5   :   FF;
	EB6   :   FF;
	EB7   :   FF;
	EB8   :   FF;
	EB9   :   FF;
	EBA   :   FF;
	EBB   :   FF;
	EBC   :   FF;
	EBD   :   FF;
	EBE   :   FF;
	EBF   :   FF;
	EC0   :   FF;
	EC1   :   FF;
	EC2   :   FF;
	EC3   :   FF;
	EC4   :   FF;
	EC5   :   FF;
	EC6   :   FF;
	EC7   :   FF;
	EC8   :   FF;
	EC9   :   FF;
	ECA   :   FF;
	ECB   :   FF;
	ECC   :   FF;
	ECD   :   FF;
	ECE   :   FF;
	ECF   :   FF;
	ED0   :   FF;
	ED1   :   FF;
	ED2   :   FF;
	ED3   :   FF;
	ED4   :   FF;
	ED5   :   FF;
	ED6   :   FF;
	ED7   :   FF;
	ED8   :   FF;
	ED9   :   FF;
	EDA   :   FF;
	EDB   :   FF;
	EDC   :   FF;
	EDD   :   FF;
	EDE   :   FF;
	EDF   :   FF;
	EE0   :   FF;
	EE1   :   FF;
	EE2   :   FF;
	EE3   :   FF;
	EE4   :   FF;
	EE5   :   FF;
	EE6   :   FF;
	EE7   :   FF;
	EE8   :   FF;
	EE9   :   FF;
	EEA   :   FF;
	EEB   :   FF;
	EEC   :   FF;
	EED   :   FF;
	EEE   :   FF;
	EEF   :   FF;
	EF0   :   FF;
	EF1   :   FF;
	EF2   :   FF;
	EF3   :   FF;
	EF4   :   FF;
	EF5   :   FF;
	EF6   :   FF;
	EF7   :   FF;
	EF8   :   FF;
	EF9   :   FF;
	EFA   :   FF;
	EFB   :   FF;
	EFC   :   FF;
	EFD   :   FF;
	EFE   :   FF;
	EFF   :   FF;
	F00   :   FF;
	F01   :   FF;
	F02   :   FF;
	F03   :   FF;
	F04   :   FF;
	F05   :   FF;
	F06   :   FF;
	F07   :   FF;
	F08   :   FF;
	F09   :   FF;
	F0A   :   FF;
	F0B   :   FF;
	F0C   :   FF;
	F0D   :   FF;
	F0E   :   FF;
	F0F   :   FF;
	F10   :   FF;
	F11   :   FF;
	F12   :   FF;
	F13   :   FF;
	F14   :   FF;
	F15   :   FF;
	F16   :   FF;
	F17   :   FF;
	F18   :   FF;
	F19   :   FF;
	F1A   :   FF;
	F1B   :   FF;
	F1C   :   FF;
	F1D   :   FF;
	F1E   :   FF;
	F1F   :   FF;
	F20   :   FF;
	F21   :   FF;
	F22   :   FF;
	F23   :   FF;
	F24   :   FF;
	F25   :   FF;
	F26   :   FF;
	F27   :   FF;
	F28   :   FF;
	F29   :   FF;
	F2A   :   FF;
	F2B   :   FF;
	F2C   :   FF;
	F2D   :   FF;
	F2E   :   FF;
	F2F   :   FF;
	F30   :   FF;
	F31   :   FF;
	F32   :   FF;
	F33   :   FF;
	F34   :   FF;
	F35   :   FF;
	F36   :   FF;
	F37   :   FF;
	F38   :   FF;
	F39   :   FF;
	F3A   :   FF;
	F3B   :   FF;
	F3C   :   FF;
	F3D   :   FF;
	F3E   :   FF;
	F3F   :   FF;
	F40   :   FF;
	F41   :   FF;
	F42   :   FF;
	F43   :   FF;
	F44   :   FF;
	F45   :   FF;
	F46   :   FF;
	F47   :   FF;
	F48   :   FF;
	F49   :   FF;
	F4A   :   FF;
	F4B   :   FF;
	F4C   :   FF;
	F4D   :   FF;
	F4E   :   FF;
	F4F   :   FF;
	F50   :   FF;
	F51   :   FF;
	F52   :   FF;
	F53   :   FF;
	F54   :   FF;
	F55   :   FF;
	F56   :   FF;
	F57   :   FF;
	F58   :   FF;
	F59   :   FF;
	F5A   :   FF;
	F5B   :   FF;
	F5C   :   FF;
	F5D   :   FF;
	F5E   :   FF;
	F5F   :   FF;
	F60   :   FF;
	F61   :   FF;
	F62   :   FF;
	F63   :   FF;
	F64   :   FF;
	F65   :   FF;
	F66   :   FF;
	F67   :   FF;
	F68   :   FF;
	F69   :   FF;
	F6A   :   FF;
	F6B   :   FF;
	F6C   :   FF;
	F6D   :   FF;
	F6E   :   FF;
	F6F   :   FF;
	F70   :   FF;
	F71   :   FF;
	F72   :   FF;
	F73   :   FF;
	F74   :   FF;
	F75   :   FF;
	F76   :   FF;
	F77   :   FF;
	F78   :   FF;
	F79   :   FF;
	F7A   :   FF;
	F7B   :   FF;
	F7C   :   FF;
	F7D   :   FF;
	F7E   :   FF;
	F7F   :   FF;
	F80   :   FF;
	F81   :   FF;
	F82   :   FF;
	F83   :   FF;
	F84   :   FF;
	F85   :   FF;
	F86   :   FF;
	F87   :   FF;
	F88   :   FF;
	F89   :   FF;
	F8A   :   FF;
	F8B   :   FF;
	F8C   :   FF;
	F8D   :   FF;
	F8E   :   FF;
	F8F   :   FF;
	F90   :   FF;
	F91   :   FF;
	F92   :   FF;
	F93   :   FF;
	F94   :   FF;
	F95   :   FF;
	F96   :   FF;
	F97   :   FF;
	F98   :   FF;
	F99   :   FF;
	F9A   :   FF;
	F9B   :   FF;
	F9C   :   FF;
	F9D   :   FF;
	F9E   :   FF;
	F9F   :   FF;
	FA0   :   FF;
	FA1   :   FF;
	FA2   :   FF;
	FA3   :   FF;
	FA4   :   FF;
	FA5   :   FF;
	FA6   :   FF;
	FA7   :   FF;
	FA8   :   FF;
	FA9   :   FF;
	FAA   :   FF;
	FAB   :   FF;
	FAC   :   FF;
	FAD   :   FF;
	FAE   :   FF;
	FAF   :   FF;
	FB0   :   FF;
	FB1   :   FF;
	FB2   :   FF;
	FB3   :   FF;
	FB4   :   FF;
	FB5   :   FF;
	FB6   :   FF;
	FB7   :   FF;
	FB8   :   FF;
	FB9   :   FF;
	FBA   :   FF;
	FBB   :   FF;
	FBC   :   FF;
	FBD   :   FF;
	FBE   :   FF;
	FBF   :   FF;
	FC0   :   FF;
	FC1   :   FF;
	FC2   :   FF;
	FC3   :   FF;
	FC4   :   FF;
	FC5   :   FF;
	FC6   :   FF;
	FC7   :   FF;
	FC8   :   FF;
	FC9   :   FF;
	FCA   :   FF;
	FCB   :   FF;
	FCC   :   FF;
	FCD   :   FF;
	FCE   :   FF;
	FCF   :   FF;
	FD0   :   FF;
	FD1   :   FF;
	FD2   :   FF;
	FD3   :   FF;
	FD4   :   FF;
	FD5   :   FF;
	FD6   :   FF;
	FD7   :   FF;
	FD8   :   FF;
	FD9   :   FF;
	FDA   :   FF;
	FDB   :   FF;
	FDC   :   FF;
	FDD   :   FF;
	FDE   :   FF;
	FDF   :   FF;
	FE0   :   FF;
	FE1   :   FF;
	FE2   :   FF;
	FE3   :   FF;
	FE4   :   FF;
	FE5   :   FF;
	FE6   :   FF;
	FE7   :   FF;
	FE8   :   FF;
	FE9   :   FF;
	FEA   :   FF;
	FEB   :   FF;
	FEC   :   FF;
	FED   :   FF;
	FEE   :   FF;
	FEF   :   FF;
	FF0   :   FF;
	FF1   :   FF;
	FF2   :   FF;
	FF3   :   FF;
	FF4   :   FF;
	FF5   :   FF;
	FF6   :   FF;
	FF7   :   FF;
	FF8   :   FF;
	FF9   :   FF;
	FFA   :   00;
	FFB   :   F0;
	FFC   :   00;
	FFD   :   F0;
	FFE   :   00;
	FFF   :   F0;
	1000   :   78;
	1001   :   D8;
	1002   :   A2;
	1003   :   FF;
	1004   :   9A;
	1005   :   A9;
	1006   :   00;
	1007   :   95;
	1008   :   00;
	1009   :   CA;
	100A   :   D0;
	100B   :   FB;
	100C   :   A9;
	100D   :   00;
	100E   :   85;
	100F   :   09;
	1010   :   A9;
	1011   :   00;
	1012   :   85;
	1013   :   0A;
	1014   :   A9;
	1015   :   02;
	1016   :   85;
	1017   :   02;
	1018   :   85;
	1019   :   00;
	101A   :   85;
	101B   :   02;
	101C   :   85;
	101D   :   02;
	101E   :   85;
	101F   :   02;
	1020   :   A9;
	1021   :   00;
	1022   :   85;
	1023   :   00;
	1024   :   A9;
	1025   :   02;
	1026   :   85;
	1027   :   01;
	1028   :   A2;
	1029   :   24;
	102A   :   85;
	102B   :   02;
	102C   :   CA;
	102D   :   D0;
	102E   :   FB;
	102F   :   A9;
	1030   :   00;
	1031   :   85;
	1032   :   02;
	1033   :   85;
	1034   :   01;
	1035   :   A2;
	1036   :   00;
	1037   :   A0;
	1038   :   02;
	1039   :   BD;
	103A   :   80;
	103B   :   F0;
	103C   :   85;
	103D   :   08;
	103E   :   BD;
	103F   :   00;
	1040   :   F1;
	1041   :   85;
	1042   :   0D;
	1043   :   BD;
	1044   :   80;
	1045   :   F1;
	1046   :   85;
	1047   :   0E;
	1048   :   BD;
	1049   :   00;
	104A   :   F2;
	104B   :   85;
	104C   :   0F;
	104D   :   BD;
	104E   :   80;
	104F   :   F2;
	1050   :   85;
	1051   :   0D;
	1052   :   BD;
	1053   :   00;
	1054   :   F3;
	1055   :   85;
	1056   :   0E;
	1057   :   BD;
	1058   :   80;
	1059   :   F3;
	105A   :   EA;
	105B   :   EA;
	105C   :   85;
	105D   :   0F;
	105E   :   88;
	105F   :   D0;
	1060   :   03;
	1061   :   A0;
	1062   :   02;
	1063   :   E8;
	1064   :   85;
	1065   :   02;
	1066   :   E0;
	1067   :   60;
	1068   :   D0;
	1069   :   CF;
	106A   :   A9;
	106B   :   02;
	106C   :   85;
	106D   :   01;
	106E   :   A9;
	106F   :   00;
	1070   :   85;
	1071   :   0D;
	1072   :   85;
	1073   :   0E;
	1074   :   85;
	1075   :   0F;
	1076   :   A2;
	1077   :   1D;
	1078   :   85;
	1079   :   02;
	107A   :   CA;
	107B   :   D0;
	107C   :   FB;
	107D   :   4C;
	107E   :   14;
	107F   :   F0;
	1080   :   00;
	1081   :   00;
	1082   :   42;
	1083   :   42;
	1084   :   42;
	1085   :   42;
	1086   :   42;
	1087   :   42;
	1088   :   42;
	1089   :   42;
	108A   :   42;
	108B   :   42;
	108C   :   42;
	108D   :   42;
	108E   :   42;
	108F   :   42;
	1090   :   42;
	1091   :   42;
	1092   :   42;
	1093   :   42;
	1094   :   42;
	1095   :   42;
	1096   :   42;
	1097   :   42;
	1098   :   42;
	1099   :   42;
	109A   :   42;
	109B   :   42;
	109C   :   42;
	109D   :   42;
	109E   :   44;
	109F   :   44;
	10A0   :   44;
	10A1   :   44;
	10A2   :   44;
	10A3   :   44;
	10A4   :   44;
	10A5   :   44;
	10A6   :   44;
	10A7   :   44;
	10A8   :   44;
	10A9   :   44;
	10AA   :   44;
	10AB   :   44;
	10AC   :   44;
	10AD   :   44;
	10AE   :   44;
	10AF   :   44;
	10B0   :   44;
	10B1   :   44;
	10B2   :   44;
	10B3   :   44;
	10B4   :   44;
	10B5   :   44;
	10B6   :   44;
	10B7   :   44;
	10B8   :   44;
	10B9   :   44;
	10BA   :   44;
	10BB   :   44;
	10BC   :   44;
	10BD   :   44;
	10BE   :   44;
	10BF   :   44;
	10C0   :   00;
	10C1   :   00;
	10C2   :   00;
	10C3   :   0E;
	10C4   :   0E;
	10C5   :   0E;
	10C6   :   0E;
	10C7   :   0E;
	10C8   :   0E;
	10C9   :   0E;
	10CA   :   0E;
	10CB   :   0E;
	10CC   :   0E;
	10CD   :   0E;
	10CE   :   0E;
	10CF   :   0E;
	10D0   :   0E;
	10D1   :   00;
	10D2   :   00;
	10D3   :   00;
	10D4   :   1A;
	10D5   :   1A;
	10D6   :   1A;
	10D7   :   1A;
	10D8   :   1A;
	10D9   :   1A;
	10DA   :   1A;
	10DB   :   00;
	10DC   :   00;
	10DD   :   00;
	10DE   :   00;
	10DF   :   00;
	10E0   :   FF;
	10E1   :   FF;
	10E2   :   FF;
	10E3   :   FF;
	10E4   :   FF;
	10E5   :   FF;
	10E6   :   FF;
	10E7   :   FF;
	10E8   :   FF;
	10E9   :   FF;
	10EA   :   FF;
	10EB   :   FF;
	10EC   :   FF;
	10ED   :   FF;
	10EE   :   FF;
	10EF   :   FF;
	10F0   :   FF;
	10F1   :   FF;
	10F2   :   FF;
	10F3   :   FF;
	10F4   :   FF;
	10F5   :   FF;
	10F6   :   FF;
	10F7   :   FF;
	10F8   :   FF;
	10F9   :   FF;
	10FA   :   FF;
	10FB   :   FF;
	10FC   :   FF;
	10FD   :   FF;
	10FE   :   FF;
	10FF   :   FF;
	1100   :   00;
	1101   :   00;
	1102   :   00;
	1103   :   00;
	1104   :   00;
	1105   :   00;
	1106   :   00;
	1107   :   00;
	1108   :   00;
	1109   :   00;
	110A   :   00;
	110B   :   00;
	110C   :   00;
	110D   :   00;
	110E   :   00;
	110F   :   00;
	1110   :   00;
	1111   :   00;
	1112   :   00;
	1113   :   00;
	1114   :   00;
	1115   :   00;
	1116   :   00;
	1117   :   00;
	1118   :   00;
	1119   :   00;
	111A   :   00;
	111B   :   00;
	111C   :   00;
	111D   :   00;
	111E   :   00;
	111F   :   00;
	1120   :   00;
	1121   :   00;
	1122   :   00;
	1123   :   00;
	1124   :   00;
	1125   :   00;
	1126   :   00;
	1127   :   00;
	1128   :   00;
	1129   :   00;
	112A   :   00;
	112B   :   00;
	112C   :   00;
	112D   :   00;
	112E   :   00;
	112F   :   00;
	1130   :   00;
	1131   :   00;
	1132   :   00;
	1133   :   00;
	1134   :   00;
	1135   :   00;
	1136   :   00;
	1137   :   00;
	1138   :   00;
	1139   :   00;
	113A   :   00;
	113B   :   00;
	113C   :   00;
	113D   :   00;
	113E   :   00;
	113F   :   00;
	1140   :   00;
	1141   :   00;
	1142   :   00;
	1143   :   00;
	1144   :   00;
	1145   :   00;
	1146   :   00;
	1147   :   00;
	1148   :   00;
	1149   :   00;
	114A   :   00;
	114B   :   00;
	114C   :   00;
	114D   :   00;
	114E   :   00;
	114F   :   00;
	1150   :   00;
	1151   :   00;
	1152   :   00;
	1153   :   00;
	1154   :   00;
	1155   :   00;
	1156   :   00;
	1157   :   00;
	1158   :   00;
	1159   :   00;
	115A   :   00;
	115B   :   00;
	115C   :   00;
	115D   :   00;
	115E   :   00;
	115F   :   00;
	1160   :   FF;
	1161   :   FF;
	1162   :   FF;
	1163   :   FF;
	1164   :   FF;
	1165   :   FF;
	1166   :   FF;
	1167   :   FF;
	1168   :   FF;
	1169   :   FF;
	116A   :   FF;
	116B   :   FF;
	116C   :   FF;
	116D   :   FF;
	116E   :   FF;
	116F   :   FF;
	1170   :   FF;
	1171   :   FF;
	1172   :   FF;
	1173   :   FF;
	1174   :   FF;
	1175   :   FF;
	1176   :   FF;
	1177   :   FF;
	1178   :   FF;
	1179   :   FF;
	117A   :   FF;
	117B   :   FF;
	117C   :   FF;
	117D   :   FF;
	117E   :   FF;
	117F   :   FF;
	1180   :   00;
	1181   :   00;
	1182   :   00;
	1183   :   00;
	1184   :   00;
	1185   :   00;
	1186   :   00;
	1187   :   00;
	1188   :   00;
	1189   :   00;
	118A   :   00;
	118B   :   00;
	118C   :   00;
	118D   :   00;
	118E   :   00;
	118F   :   00;
	1190   :   00;
	1191   :   00;
	1192   :   00;
	1193   :   00;
	1194   :   00;
	1195   :   00;
	1196   :   00;
	1197   :   00;
	1198   :   00;
	1199   :   00;
	119A   :   00;
	119B   :   00;
	119C   :   00;
	119D   :   00;
	119E   :   00;
	119F   :   00;
	11A0   :   00;
	11A1   :   00;
	11A2   :   00;
	11A3   :   00;
	11A4   :   00;
	11A5   :   01;
	11A6   :   01;
	11A7   :   01;
	11A8   :   01;
	11A9   :   01;
	11AA   :   01;
	11AB   :   03;
	11AC   :   03;
	11AD   :   03;
	11AE   :   03;
	11AF   :   03;
	11B0   :   03;
	11B1   :   07;
	11B2   :   07;
	11B3   :   07;
	11B4   :   07;
	11B5   :   0F;
	11B6   :   1F;
	11B7   :   1F;
	11B8   :   1F;
	11B9   :   1F;
	11BA   :   1F;
	11BB   :   3E;
	11BC   :   3E;
	11BD   :   3E;
	11BE   :   3E;
	11BF   :   7C;
	11C0   :   00;
	11C1   :   00;
	11C2   :   00;
	11C3   :   07;
	11C4   :   07;
	11C5   :   08;
	11C6   :   08;
	11C7   :   00;
	11C8   :   00;
	11C9   :   01;
	11CA   :   01;
	11CB   :   02;
	11CC   :   02;
	11CD   :   04;
	11CE   :   04;
	11CF   :   0F;
	11D0   :   0F;
	11D1   :   00;
	11D2   :   00;
	11D3   :   00;
	11D4   :   00;
	11D5   :   01;
	11D6   :   01;
	11D7   :   01;
	11D8   :   01;
	11D9   :   01;
	11DA   :   01;
	11DB   :   00;
	11DC   :   00;
	11DD   :   00;
	11DE   :   00;
	11DF   :   00;
	11E0   :   FF;
	11E1   :   FF;
	11E2   :   FF;
	11E3   :   FF;
	11E4   :   FF;
	11E5   :   FF;
	11E6   :   FF;
	11E7   :   FF;
	11E8   :   FF;
	11E9   :   FF;
	11EA   :   FF;
	11EB   :   FF;
	11EC   :   FF;
	11ED   :   FF;
	11EE   :   FF;
	11EF   :   FF;
	11F0   :   FF;
	11F1   :   FF;
	11F2   :   FF;
	11F3   :   FF;
	11F4   :   FF;
	11F5   :   FF;
	11F6   :   FF;
	11F7   :   FF;
	11F8   :   FF;
	11F9   :   FF;
	11FA   :   FF;
	11FB   :   FF;
	11FC   :   FF;
	11FD   :   FF;
	11FE   :   FF;
	11FF   :   FF;
	1200   :   00;
	1201   :   00;
	1202   :   DE;
	1203   :   DE;
	1204   :   DE;
	1205   :   DE;
	1206   :   DE;
	1207   :   DE;
	1208   :   DE;
	1209   :   DE;
	120A   :   DE;
	120B   :   DE;
	120C   :   DE;
	120D   :   DE;
	120E   :   DE;
	120F   :   DE;
	1210   :   DE;
	1211   :   DE;
	1212   :   DE;
	1213   :   DE;
	1214   :   DE;
	1215   :   DE;
	1216   :   DE;
	1217   :   DE;
	1218   :   DE;
	1219   :   DE;
	121A   :   DE;
	121B   :   DE;
	121C   :   DE;
	121D   :   CF;
	121E   :   CF;
	121F   :   CF;
	1220   :   CF;
	1221   :   CF;
	1222   :   CF;
	1223   :   CF;
	1224   :   CF;
	1225   :   C7;
	1226   :   C7;
	1227   :   C7;
	1228   :   C7;
	1229   :   C7;
	122A   :   C7;
	122B   :   C3;
	122C   :   C3;
	122D   :   C3;
	122E   :   C3;
	122F   :   C3;
	1230   :   C3;
	1231   :   C1;
	1232   :   C1;
	1233   :   C1;
	1234   :   C1;
	1235   :   C1;
	1236   :   C0;
	1237   :   C0;
	1238   :   C0;
	1239   :   C0;
	123A   :   C0;
	123B   :   C0;
	123C   :   C0;
	123D   :   C0;
	123E   :   C0;
	123F   :   C0;
	1240   :   00;
	1241   :   00;
	1242   :   00;
	1243   :   30;
	1244   :   30;
	1245   :   09;
	1246   :   09;
	1247   :   05;
	1248   :   05;
	1249   :   3C;
	124A   :   3C;
	124B   :   44;
	124C   :   44;
	124D   :   44;
	124E   :   44;
	124F   :   39;
	1250   :   39;
	1251   :   00;
	1252   :   00;
	1253   :   00;
	1254   :   E7;
	1255   :   28;
	1256   :   28;
	1257   :   EF;
	1258   :   28;
	1259   :   28;
	125A   :   28;
	125B   :   00;
	125C   :   00;
	125D   :   00;
	125E   :   00;
	125F   :   00;
	1260   :   FF;
	1261   :   FF;
	1262   :   FF;
	1263   :   FF;
	1264   :   FF;
	1265   :   FF;
	1266   :   FF;
	1267   :   FF;
	1268   :   FF;
	1269   :   FF;
	126A   :   FF;
	126B   :   FF;
	126C   :   FF;
	126D   :   FF;
	126E   :   FF;
	126F   :   FF;
	1270   :   FF;
	1271   :   FF;
	1272   :   FF;
	1273   :   FF;
	1274   :   FF;
	1275   :   FF;
	1276   :   FF;
	1277   :   FF;
	1278   :   FF;
	1279   :   FF;
	127A   :   FF;
	127B   :   FF;
	127C   :   FF;
	127D   :   FF;
	127E   :   FF;
	127F   :   FF;
	1280   :   00;
	1281   :   00;
	1282   :   B0;
	1283   :   B0;
	1284   :   B0;
	1285   :   B0;
	1286   :   B0;
	1287   :   B0;
	1288   :   B0;
	1289   :   B0;
	128A   :   B0;
	128B   :   B0;
	128C   :   B0;
	128D   :   B0;
	128E   :   B0;
	128F   :   B0;
	1290   :   B0;
	1291   :   B0;
	1292   :   B0;
	1293   :   B0;
	1294   :   B0;
	1295   :   B0;
	1296   :   B0;
	1297   :   B0;
	1298   :   B0;
	1299   :   B0;
	129A   :   B0;
	129B   :   B0;
	129C   :   B0;
	129D   :   30;
	129E   :   30;
	129F   :   30;
	12A0   :   30;
	12A1   :   30;
	12A2   :   30;
	12A3   :   30;
	12A4   :   30;
	12A5   :   30;
	12A6   :   30;
	12A7   :   30;
	12A8   :   30;
	12A9   :   30;
	12AA   :   30;
	12AB   :   30;
	12AC   :   30;
	12AD   :   30;
	12AE   :   30;
	12AF   :   30;
	12B0   :   30;
	12B1   :   30;
	12B2   :   30;
	12B3   :   30;
	12B4   :   30;
	12B5   :   30;
	12B6   :   30;
	12B7   :   30;
	12B8   :   30;
	12B9   :   30;
	12BA   :   30;
	12BB   :   30;
	12BC   :   30;
	12BD   :   30;
	12BE   :   30;
	12BF   :   30;
	12C0   :   00;
	12C1   :   00;
	12C2   :   00;
	12C3   :   E0;
	12C4   :   E0;
	12C5   :   10;
	12C6   :   10;
	12C7   :   90;
	12C8   :   90;
	12C9   :   50;
	12CA   :   50;
	12CB   :   30;
	12CC   :   30;
	12CD   :   10;
	12CE   :   10;
	12CF   :   E0;
	12D0   :   E0;
	12D1   :   00;
	12D2   :   00;
	12D3   :   00;
	12D4   :   90;
	12D5   :   A0;
	12D6   :   A0;
	12D7   :   90;
	12D8   :   90;
	12D9   :   A0;
	12DA   :   A0;
	12DB   :   00;
	12DC   :   00;
	12DD   :   00;
	12DE   :   00;
	12DF   :   00;
	12E0   :   FF;
	12E1   :   FF;
	12E2   :   FF;
	12E3   :   FF;
	12E4   :   FF;
	12E5   :   FF;
	12E6   :   FF;
	12E7   :   FF;
	12E8   :   FF;
	12E9   :   FF;
	12EA   :   FF;
	12EB   :   FF;
	12EC   :   FF;
	12ED   :   FF;
	12EE   :   FF;
	12EF   :   FF;
	12F0   :   FF;
	12F1   :   FF;
	12F2   :   FF;
	12F3   :   FF;
	12F4   :   FF;
	12F5   :   FF;
	12F6   :   FF;
	12F7   :   FF;
	12F8   :   FF;
	12F9   :   FF;
	12FA   :   FF;
	12FB   :   FF;
	12FC   :   FF;
	12FD   :   FF;
	12FE   :   FF;
	12FF   :   FF;
	1300   :   00;
	1301   :   00;
	1302   :   E0;
	1303   :   E0;
	1304   :   E0;
	1305   :   E0;
	1306   :   E0;
	1307   :   E0;
	1308   :   E0;
	1309   :   E0;
	130A   :   E0;
	130B   :   E0;
	130C   :   E0;
	130D   :   E0;
	130E   :   E0;
	130F   :   E0;
	1310   :   E0;
	1311   :   E0;
	1312   :   E0;
	1313   :   E0;
	1314   :   E0;
	1315   :   E0;
	1316   :   E0;
	1317   :   E0;
	1318   :   E0;
	1319   :   E0;
	131A   :   E0;
	131B   :   E0;
	131C   :   E0;
	131D   :   F0;
	131E   :   F0;
	131F   :   F0;
	1320   :   F0;
	1321   :   F0;
	1322   :   F0;
	1323   :   F0;
	1324   :   F0;
	1325   :   78;
	1326   :   78;
	1327   :   78;
	1328   :   78;
	1329   :   78;
	132A   :   78;
	132B   :   3C;
	132C   :   3C;
	132D   :   3C;
	132E   :   3C;
	132F   :   3C;
	1330   :   3C;
	1331   :   1E;
	1332   :   1E;
	1333   :   1E;
	1334   :   1E;
	1335   :   1F;
	1336   :   0F;
	1337   :   0F;
	1338   :   0F;
	1339   :   0F;
	133A   :   0F;
	133B   :   07;
	133C   :   07;
	133D   :   07;
	133E   :   07;
	133F   :   03;
	1340   :   00;
	1341   :   00;
	1342   :   00;
	1343   :   1C;
	1344   :   1C;
	1345   :   A2;
	1346   :   A2;
	1347   :   A6;
	1348   :   A6;
	1349   :   AA;
	134A   :   AA;
	134B   :   B2;
	134C   :   B2;
	134D   :   A2;
	134E   :   A2;
	134F   :   1C;
	1350   :   1C;
	1351   :   00;
	1352   :   00;
	1353   :   00;
	1354   :   10;
	1355   :   B0;
	1356   :   50;
	1357   :   50;
	1358   :   10;
	1359   :   10;
	135A   :   10;
	135B   :   00;
	135C   :   00;
	135D   :   00;
	135E   :   00;
	135F   :   00;
	1360   :   FF;
	1361   :   FF;
	1362   :   FF;
	1363   :   FF;
	1364   :   FF;
	1365   :   FF;
	1366   :   FF;
	1367   :   FF;
	1368   :   FF;
	1369   :   FF;
	136A   :   FF;
	136B   :   FF;
	136C   :   FF;
	136D   :   FF;
	136E   :   FF;
	136F   :   FF;
	1370   :   FF;
	1371   :   FF;
	1372   :   FF;
	1373   :   FF;
	1374   :   FF;
	1375   :   FF;
	1376   :   FF;
	1377   :   FF;
	1378   :   FF;
	1379   :   FF;
	137A   :   FF;
	137B   :   FF;
	137C   :   FF;
	137D   :   FF;
	137E   :   FF;
	137F   :   FF;
	1380   :   00;
	1381   :   00;
	1382   :   00;
	1383   :   00;
	1384   :   00;
	1385   :   00;
	1386   :   00;
	1387   :   00;
	1388   :   00;
	1389   :   00;
	138A   :   00;
	138B   :   00;
	138C   :   00;
	138D   :   00;
	138E   :   00;
	138F   :   00;
	1390   :   00;
	1391   :   00;
	1392   :   00;
	1393   :   00;
	1394   :   00;
	1395   :   00;
	1396   :   00;
	1397   :   00;
	1398   :   00;
	1399   :   00;
	139A   :   00;
	139B   :   00;
	139C   :   00;
	139D   :   00;
	139E   :   00;
	139F   :   00;
	13A0   :   00;
	13A1   :   00;
	13A2   :   00;
	13A3   :   00;
	13A4   :   00;
	13A5   :   00;
	13A6   :   00;
	13A7   :   00;
	13A8   :   00;
	13A9   :   00;
	13AA   :   00;
	13AB   :   00;
	13AC   :   00;
	13AD   :   00;
	13AE   :   00;
	13AF   :   00;
	13B0   :   00;
	13B1   :   00;
	13B2   :   00;
	13B3   :   00;
	13B4   :   00;
	13B5   :   00;
	13B6   :   01;
	13B7   :   01;
	13B8   :   01;
	13B9   :   01;
	13BA   :   01;
	13BB   :   03;
	13BC   :   03;
	13BD   :   03;
	13BE   :   03;
	13BF   :   07;
	13C0   :   00;
	13C1   :   00;
	13C2   :   00;
	13C3   :   00;
	13C4   :   00;
	13C5   :   00;
	13C6   :   00;
	13C7   :   00;
	13C8   :   00;
	13C9   :   00;
	13CA   :   00;
	13CB   :   00;
	13CC   :   00;
	13CD   :   00;
	13CE   :   00;
	13CF   :   00;
	13D0   :   00;
	13D1   :   00;
	13D2   :   00;
	13D3   :   00;
	13D4   :   00;
	13D5   :   00;
	13D6   :   00;
	13D7   :   00;
	13D8   :   00;
	13D9   :   00;
	13DA   :   00;
	13DB   :   00;
	13DC   :   00;
	13DD   :   00;
	13DE   :   00;
	13DF   :   00;
	13E0   :   FF;
	13E1   :   FF;
	13E2   :   FF;
	13E3   :   FF;
	13E4   :   FF;
	13E5   :   FF;
	13E6   :   FF;
	13E7   :   FF;
	13E8   :   FF;
	13E9   :   FF;
	13EA   :   FF;
	13EB   :   FF;
	13EC   :   FF;
	13ED   :   FF;
	13EE   :   FF;
	13EF   :   FF;
	13F0   :   FF;
	13F1   :   FF;
	13F2   :   FF;
	13F3   :   FF;
	13F4   :   FF;
	13F5   :   FF;
	13F6   :   FF;
	13F7   :   FF;
	13F8   :   FF;
	13F9   :   FF;
	13FA   :   FF;
	13FB   :   FF;
	13FC   :   FF;
	13FD   :   FF;
	13FE   :   FF;
	13FF   :   FF;
	1400   :   FF;
	1401   :   FF;
	1402   :   FF;
	1403   :   FF;
	1404   :   FF;
	1405   :   FF;
	1406   :   FF;
	1407   :   FF;
	1408   :   FF;
	1409   :   FF;
	140A   :   FF;
	140B   :   FF;
	140C   :   FF;
	140D   :   FF;
	140E   :   FF;
	140F   :   FF;
	1410   :   FF;
	1411   :   FF;
	1412   :   FF;
	1413   :   FF;
	1414   :   FF;
	1415   :   FF;
	1416   :   FF;
	1417   :   FF;
	1418   :   FF;
	1419   :   FF;
	141A   :   FF;
	141B   :   FF;
	141C   :   FF;
	141D   :   FF;
	141E   :   FF;
	141F   :   FF;
	1420   :   FF;
	1421   :   FF;
	1422   :   FF;
	1423   :   FF;
	1424   :   FF;
	1425   :   FF;
	1426   :   FF;
	1427   :   FF;
	1428   :   FF;
	1429   :   FF;
	142A   :   FF;
	142B   :   FF;
	142C   :   FF;
	142D   :   FF;
	142E   :   FF;
	142F   :   FF;
	1430   :   FF;
	1431   :   FF;
	1432   :   FF;
	1433   :   FF;
	1434   :   FF;
	1435   :   FF;
	1436   :   FF;
	1437   :   FF;
	1438   :   FF;
	1439   :   FF;
	143A   :   FF;
	143B   :   FF;
	143C   :   FF;
	143D   :   FF;
	143E   :   FF;
	143F   :   FF;
	1440   :   FF;
	1441   :   FF;
	1442   :   FF;
	1443   :   FF;
	1444   :   FF;
	1445   :   FF;
	1446   :   FF;
	1447   :   FF;
	1448   :   FF;
	1449   :   FF;
	144A   :   FF;
	144B   :   FF;
	144C   :   FF;
	144D   :   FF;
	144E   :   FF;
	144F   :   FF;
	1450   :   FF;
	1451   :   FF;
	1452   :   FF;
	1453   :   FF;
	1454   :   FF;
	1455   :   FF;
	1456   :   FF;
	1457   :   FF;
	1458   :   FF;
	1459   :   FF;
	145A   :   FF;
	145B   :   FF;
	145C   :   FF;
	145D   :   FF;
	145E   :   FF;
	145F   :   FF;
	1460   :   FF;
	1461   :   FF;
	1462   :   FF;
	1463   :   FF;
	1464   :   FF;
	1465   :   FF;
	1466   :   FF;
	1467   :   FF;
	1468   :   FF;
	1469   :   FF;
	146A   :   FF;
	146B   :   FF;
	146C   :   FF;
	146D   :   FF;
	146E   :   FF;
	146F   :   FF;
	1470   :   FF;
	1471   :   FF;
	1472   :   FF;
	1473   :   FF;
	1474   :   FF;
	1475   :   FF;
	1476   :   FF;
	1477   :   FF;
	1478   :   FF;
	1479   :   FF;
	147A   :   FF;
	147B   :   FF;
	147C   :   FF;
	147D   :   FF;
	147E   :   FF;
	147F   :   FF;
	1480   :   FF;
	1481   :   FF;
	1482   :   FF;
	1483   :   FF;
	1484   :   FF;
	1485   :   FF;
	1486   :   FF;
	1487   :   FF;
	1488   :   FF;
	1489   :   FF;
	148A   :   FF;
	148B   :   FF;
	148C   :   FF;
	148D   :   FF;
	148E   :   FF;
	148F   :   FF;
	1490   :   FF;
	1491   :   FF;
	1492   :   FF;
	1493   :   FF;
	1494   :   FF;
	1495   :   FF;
	1496   :   FF;
	1497   :   FF;
	1498   :   FF;
	1499   :   FF;
	149A   :   FF;
	149B   :   FF;
	149C   :   FF;
	149D   :   FF;
	149E   :   FF;
	149F   :   FF;
	14A0   :   FF;
	14A1   :   FF;
	14A2   :   FF;
	14A3   :   FF;
	14A4   :   FF;
	14A5   :   FF;
	14A6   :   FF;
	14A7   :   FF;
	14A8   :   FF;
	14A9   :   FF;
	14AA   :   FF;
	14AB   :   FF;
	14AC   :   FF;
	14AD   :   FF;
	14AE   :   FF;
	14AF   :   FF;
	14B0   :   FF;
	14B1   :   FF;
	14B2   :   FF;
	14B3   :   FF;
	14B4   :   FF;
	14B5   :   FF;
	14B6   :   FF;
	14B7   :   FF;
	14B8   :   FF;
	14B9   :   FF;
	14BA   :   FF;
	14BB   :   FF;
	14BC   :   FF;
	14BD   :   FF;
	14BE   :   FF;
	14BF   :   FF;
	14C0   :   FF;
	14C1   :   FF;
	14C2   :   FF;
	14C3   :   FF;
	14C4   :   FF;
	14C5   :   FF;
	14C6   :   FF;
	14C7   :   FF;
	14C8   :   FF;
	14C9   :   FF;
	14CA   :   FF;
	14CB   :   FF;
	14CC   :   FF;
	14CD   :   FF;
	14CE   :   FF;
	14CF   :   FF;
	14D0   :   FF;
	14D1   :   FF;
	14D2   :   FF;
	14D3   :   FF;
	14D4   :   FF;
	14D5   :   FF;
	14D6   :   FF;
	14D7   :   FF;
	14D8   :   FF;
	14D9   :   FF;
	14DA   :   FF;
	14DB   :   FF;
	14DC   :   FF;
	14DD   :   FF;
	14DE   :   FF;
	14DF   :   FF;
	14E0   :   FF;
	14E1   :   FF;
	14E2   :   FF;
	14E3   :   FF;
	14E4   :   FF;
	14E5   :   FF;
	14E6   :   FF;
	14E7   :   FF;
	14E8   :   FF;
	14E9   :   FF;
	14EA   :   FF;
	14EB   :   FF;
	14EC   :   FF;
	14ED   :   FF;
	14EE   :   FF;
	14EF   :   FF;
	14F0   :   FF;
	14F1   :   FF;
	14F2   :   FF;
	14F3   :   FF;
	14F4   :   FF;
	14F5   :   FF;
	14F6   :   FF;
	14F7   :   FF;
	14F8   :   FF;
	14F9   :   FF;
	14FA   :   FF;
	14FB   :   FF;
	14FC   :   FF;
	14FD   :   FF;
	14FE   :   FF;
	14FF   :   FF;
	1500   :   FF;
	1501   :   FF;
	1502   :   FF;
	1503   :   FF;
	1504   :   FF;
	1505   :   FF;
	1506   :   FF;
	1507   :   FF;
	1508   :   FF;
	1509   :   FF;
	150A   :   FF;
	150B   :   FF;
	150C   :   FF;
	150D   :   FF;
	150E   :   FF;
	150F   :   FF;
	1510   :   FF;
	1511   :   FF;
	1512   :   FF;
	1513   :   FF;
	1514   :   FF;
	1515   :   FF;
	1516   :   FF;
	1517   :   FF;
	1518   :   FF;
	1519   :   FF;
	151A   :   FF;
	151B   :   FF;
	151C   :   FF;
	151D   :   FF;
	151E   :   FF;
	151F   :   FF;
	1520   :   FF;
	1521   :   FF;
	1522   :   FF;
	1523   :   FF;
	1524   :   FF;
	1525   :   FF;
	1526   :   FF;
	1527   :   FF;
	1528   :   FF;
	1529   :   FF;
	152A   :   FF;
	152B   :   FF;
	152C   :   FF;
	152D   :   FF;
	152E   :   FF;
	152F   :   FF;
	1530   :   FF;
	1531   :   FF;
	1532   :   FF;
	1533   :   FF;
	1534   :   FF;
	1535   :   FF;
	1536   :   FF;
	1537   :   FF;
	1538   :   FF;
	1539   :   FF;
	153A   :   FF;
	153B   :   FF;
	153C   :   FF;
	153D   :   FF;
	153E   :   FF;
	153F   :   FF;
	1540   :   FF;
	1541   :   FF;
	1542   :   FF;
	1543   :   FF;
	1544   :   FF;
	1545   :   FF;
	1546   :   FF;
	1547   :   FF;
	1548   :   FF;
	1549   :   FF;
	154A   :   FF;
	154B   :   FF;
	154C   :   FF;
	154D   :   FF;
	154E   :   FF;
	154F   :   FF;
	1550   :   FF;
	1551   :   FF;
	1552   :   FF;
	1553   :   FF;
	1554   :   FF;
	1555   :   FF;
	1556   :   FF;
	1557   :   FF;
	1558   :   FF;
	1559   :   FF;
	155A   :   FF;
	155B   :   FF;
	155C   :   FF;
	155D   :   FF;
	155E   :   FF;
	155F   :   FF;
	1560   :   FF;
	1561   :   FF;
	1562   :   FF;
	1563   :   FF;
	1564   :   FF;
	1565   :   FF;
	1566   :   FF;
	1567   :   FF;
	1568   :   FF;
	1569   :   FF;
	156A   :   FF;
	156B   :   FF;
	156C   :   FF;
	156D   :   FF;
	156E   :   FF;
	156F   :   FF;
	1570   :   FF;
	1571   :   FF;
	1572   :   FF;
	1573   :   FF;
	1574   :   FF;
	1575   :   FF;
	1576   :   FF;
	1577   :   FF;
	1578   :   FF;
	1579   :   FF;
	157A   :   FF;
	157B   :   FF;
	157C   :   FF;
	157D   :   FF;
	157E   :   FF;
	157F   :   FF;
	1580   :   FF;
	1581   :   FF;
	1582   :   FF;
	1583   :   FF;
	1584   :   FF;
	1585   :   FF;
	1586   :   FF;
	1587   :   FF;
	1588   :   FF;
	1589   :   FF;
	158A   :   FF;
	158B   :   FF;
	158C   :   FF;
	158D   :   FF;
	158E   :   FF;
	158F   :   FF;
	1590   :   FF;
	1591   :   FF;
	1592   :   FF;
	1593   :   FF;
	1594   :   FF;
	1595   :   FF;
	1596   :   FF;
	1597   :   FF;
	1598   :   FF;
	1599   :   FF;
	159A   :   FF;
	159B   :   FF;
	159C   :   FF;
	159D   :   FF;
	159E   :   FF;
	159F   :   FF;
	15A0   :   FF;
	15A1   :   FF;
	15A2   :   FF;
	15A3   :   FF;
	15A4   :   FF;
	15A5   :   FF;
	15A6   :   FF;
	15A7   :   FF;
	15A8   :   FF;
	15A9   :   FF;
	15AA   :   FF;
	15AB   :   FF;
	15AC   :   FF;
	15AD   :   FF;
	15AE   :   FF;
	15AF   :   FF;
	15B0   :   FF;
	15B1   :   FF;
	15B2   :   FF;
	15B3   :   FF;
	15B4   :   FF;
	15B5   :   FF;
	15B6   :   FF;
	15B7   :   FF;
	15B8   :   FF;
	15B9   :   FF;
	15BA   :   FF;
	15BB   :   FF;
	15BC   :   FF;
	15BD   :   FF;
	15BE   :   FF;
	15BF   :   FF;
	15C0   :   FF;
	15C1   :   FF;
	15C2   :   FF;
	15C3   :   FF;
	15C4   :   FF;
	15C5   :   FF;
	15C6   :   FF;
	15C7   :   FF;
	15C8   :   FF;
	15C9   :   FF;
	15CA   :   FF;
	15CB   :   FF;
	15CC   :   FF;
	15CD   :   FF;
	15CE   :   FF;
	15CF   :   FF;
	15D0   :   FF;
	15D1   :   FF;
	15D2   :   FF;
	15D3   :   FF;
	15D4   :   FF;
	15D5   :   FF;
	15D6   :   FF;
	15D7   :   FF;
	15D8   :   FF;
	15D9   :   FF;
	15DA   :   FF;
	15DB   :   FF;
	15DC   :   FF;
	15DD   :   FF;
	15DE   :   FF;
	15DF   :   FF;
	15E0   :   FF;
	15E1   :   FF;
	15E2   :   FF;
	15E3   :   FF;
	15E4   :   FF;
	15E5   :   FF;
	15E6   :   FF;
	15E7   :   FF;
	15E8   :   FF;
	15E9   :   FF;
	15EA   :   FF;
	15EB   :   FF;
	15EC   :   FF;
	15ED   :   FF;
	15EE   :   FF;
	15EF   :   FF;
	15F0   :   FF;
	15F1   :   FF;
	15F2   :   FF;
	15F3   :   FF;
	15F4   :   FF;
	15F5   :   FF;
	15F6   :   FF;
	15F7   :   FF;
	15F8   :   FF;
	15F9   :   FF;
	15FA   :   FF;
	15FB   :   FF;
	15FC   :   FF;
	15FD   :   FF;
	15FE   :   FF;
	15FF   :   FF;
	1600   :   FF;
	1601   :   FF;
	1602   :   FF;
	1603   :   FF;
	1604   :   FF;
	1605   :   FF;
	1606   :   FF;
	1607   :   FF;
	1608   :   FF;
	1609   :   FF;
	160A   :   FF;
	160B   :   FF;
	160C   :   FF;
	160D   :   FF;
	160E   :   FF;
	160F   :   FF;
	1610   :   FF;
	1611   :   FF;
	1612   :   FF;
	1613   :   FF;
	1614   :   FF;
	1615   :   FF;
	1616   :   FF;
	1617   :   FF;
	1618   :   FF;
	1619   :   FF;
	161A   :   FF;
	161B   :   FF;
	161C   :   FF;
	161D   :   FF;
	161E   :   FF;
	161F   :   FF;
	1620   :   FF;
	1621   :   FF;
	1622   :   FF;
	1623   :   FF;
	1624   :   FF;
	1625   :   FF;
	1626   :   FF;
	1627   :   FF;
	1628   :   FF;
	1629   :   FF;
	162A   :   FF;
	162B   :   FF;
	162C   :   FF;
	162D   :   FF;
	162E   :   FF;
	162F   :   FF;
	1630   :   FF;
	1631   :   FF;
	1632   :   FF;
	1633   :   FF;
	1634   :   FF;
	1635   :   FF;
	1636   :   FF;
	1637   :   FF;
	1638   :   FF;
	1639   :   FF;
	163A   :   FF;
	163B   :   FF;
	163C   :   FF;
	163D   :   FF;
	163E   :   FF;
	163F   :   FF;
	1640   :   FF;
	1641   :   FF;
	1642   :   FF;
	1643   :   FF;
	1644   :   FF;
	1645   :   FF;
	1646   :   FF;
	1647   :   FF;
	1648   :   FF;
	1649   :   FF;
	164A   :   FF;
	164B   :   FF;
	164C   :   FF;
	164D   :   FF;
	164E   :   FF;
	164F   :   FF;
	1650   :   FF;
	1651   :   FF;
	1652   :   FF;
	1653   :   FF;
	1654   :   FF;
	1655   :   FF;
	1656   :   FF;
	1657   :   FF;
	1658   :   FF;
	1659   :   FF;
	165A   :   FF;
	165B   :   FF;
	165C   :   FF;
	165D   :   FF;
	165E   :   FF;
	165F   :   FF;
	1660   :   FF;
	1661   :   FF;
	1662   :   FF;
	1663   :   FF;
	1664   :   FF;
	1665   :   FF;
	1666   :   FF;
	1667   :   FF;
	1668   :   FF;
	1669   :   FF;
	166A   :   FF;
	166B   :   FF;
	166C   :   FF;
	166D   :   FF;
	166E   :   FF;
	166F   :   FF;
	1670   :   FF;
	1671   :   FF;
	1672   :   FF;
	1673   :   FF;
	1674   :   FF;
	1675   :   FF;
	1676   :   FF;
	1677   :   FF;
	1678   :   FF;
	1679   :   FF;
	167A   :   FF;
	167B   :   FF;
	167C   :   FF;
	167D   :   FF;
	167E   :   FF;
	167F   :   FF;
	1680   :   FF;
	1681   :   FF;
	1682   :   FF;
	1683   :   FF;
	1684   :   FF;
	1685   :   FF;
	1686   :   FF;
	1687   :   FF;
	1688   :   FF;
	1689   :   FF;
	168A   :   FF;
	168B   :   FF;
	168C   :   FF;
	168D   :   FF;
	168E   :   FF;
	168F   :   FF;
	1690   :   FF;
	1691   :   FF;
	1692   :   FF;
	1693   :   FF;
	1694   :   FF;
	1695   :   FF;
	1696   :   FF;
	1697   :   FF;
	1698   :   FF;
	1699   :   FF;
	169A   :   FF;
	169B   :   FF;
	169C   :   FF;
	169D   :   FF;
	169E   :   FF;
	169F   :   FF;
	16A0   :   FF;
	16A1   :   FF;
	16A2   :   FF;
	16A3   :   FF;
	16A4   :   FF;
	16A5   :   FF;
	16A6   :   FF;
	16A7   :   FF;
	16A8   :   FF;
	16A9   :   FF;
	16AA   :   FF;
	16AB   :   FF;
	16AC   :   FF;
	16AD   :   FF;
	16AE   :   FF;
	16AF   :   FF;
	16B0   :   FF;
	16B1   :   FF;
	16B2   :   FF;
	16B3   :   FF;
	16B4   :   FF;
	16B5   :   FF;
	16B6   :   FF;
	16B7   :   FF;
	16B8   :   FF;
	16B9   :   FF;
	16BA   :   FF;
	16BB   :   FF;
	16BC   :   FF;
	16BD   :   FF;
	16BE   :   FF;
	16BF   :   FF;
	16C0   :   FF;
	16C1   :   FF;
	16C2   :   FF;
	16C3   :   FF;
	16C4   :   FF;
	16C5   :   FF;
	16C6   :   FF;
	16C7   :   FF;
	16C8   :   FF;
	16C9   :   FF;
	16CA   :   FF;
	16CB   :   FF;
	16CC   :   FF;
	16CD   :   FF;
	16CE   :   FF;
	16CF   :   FF;
	16D0   :   FF;
	16D1   :   FF;
	16D2   :   FF;
	16D3   :   FF;
	16D4   :   FF;
	16D5   :   FF;
	16D6   :   FF;
	16D7   :   FF;
	16D8   :   FF;
	16D9   :   FF;
	16DA   :   FF;
	16DB   :   FF;
	16DC   :   FF;
	16DD   :   FF;
	16DE   :   FF;
	16DF   :   FF;
	16E0   :   FF;
	16E1   :   FF;
	16E2   :   FF;
	16E3   :   FF;
	16E4   :   FF;
	16E5   :   FF;
	16E6   :   FF;
	16E7   :   FF;
	16E8   :   FF;
	16E9   :   FF;
	16EA   :   FF;
	16EB   :   FF;
	16EC   :   FF;
	16ED   :   FF;
	16EE   :   FF;
	16EF   :   FF;
	16F0   :   FF;
	16F1   :   FF;
	16F2   :   FF;
	16F3   :   FF;
	16F4   :   FF;
	16F5   :   FF;
	16F6   :   FF;
	16F7   :   FF;
	16F8   :   FF;
	16F9   :   FF;
	16FA   :   FF;
	16FB   :   FF;
	16FC   :   FF;
	16FD   :   FF;
	16FE   :   FF;
	16FF   :   FF;
	1700   :   FF;
	1701   :   FF;
	1702   :   FF;
	1703   :   FF;
	1704   :   FF;
	1705   :   FF;
	1706   :   FF;
	1707   :   FF;
	1708   :   FF;
	1709   :   FF;
	170A   :   FF;
	170B   :   FF;
	170C   :   FF;
	170D   :   FF;
	170E   :   FF;
	170F   :   FF;
	1710   :   FF;
	1711   :   FF;
	1712   :   FF;
	1713   :   FF;
	1714   :   FF;
	1715   :   FF;
	1716   :   FF;
	1717   :   FF;
	1718   :   FF;
	1719   :   FF;
	171A   :   FF;
	171B   :   FF;
	171C   :   FF;
	171D   :   FF;
	171E   :   FF;
	171F   :   FF;
	1720   :   FF;
	1721   :   FF;
	1722   :   FF;
	1723   :   FF;
	1724   :   FF;
	1725   :   FF;
	1726   :   FF;
	1727   :   FF;
	1728   :   FF;
	1729   :   FF;
	172A   :   FF;
	172B   :   FF;
	172C   :   FF;
	172D   :   FF;
	172E   :   FF;
	172F   :   FF;
	1730   :   FF;
	1731   :   FF;
	1732   :   FF;
	1733   :   FF;
	1734   :   FF;
	1735   :   FF;
	1736   :   FF;
	1737   :   FF;
	1738   :   FF;
	1739   :   FF;
	173A   :   FF;
	173B   :   FF;
	173C   :   FF;
	173D   :   FF;
	173E   :   FF;
	173F   :   FF;
	1740   :   FF;
	1741   :   FF;
	1742   :   FF;
	1743   :   FF;
	1744   :   FF;
	1745   :   FF;
	1746   :   FF;
	1747   :   FF;
	1748   :   FF;
	1749   :   FF;
	174A   :   FF;
	174B   :   FF;
	174C   :   FF;
	174D   :   FF;
	174E   :   FF;
	174F   :   FF;
	1750   :   FF;
	1751   :   FF;
	1752   :   FF;
	1753   :   FF;
	1754   :   FF;
	1755   :   FF;
	1756   :   FF;
	1757   :   FF;
	1758   :   FF;
	1759   :   FF;
	175A   :   FF;
	175B   :   FF;
	175C   :   FF;
	175D   :   FF;
	175E   :   FF;
	175F   :   FF;
	1760   :   FF;
	1761   :   FF;
	1762   :   FF;
	1763   :   FF;
	1764   :   FF;
	1765   :   FF;
	1766   :   FF;
	1767   :   FF;
	1768   :   FF;
	1769   :   FF;
	176A   :   FF;
	176B   :   FF;
	176C   :   FF;
	176D   :   FF;
	176E   :   FF;
	176F   :   FF;
	1770   :   FF;
	1771   :   FF;
	1772   :   FF;
	1773   :   FF;
	1774   :   FF;
	1775   :   FF;
	1776   :   FF;
	1777   :   FF;
	1778   :   FF;
	1779   :   FF;
	177A   :   FF;
	177B   :   FF;
	177C   :   FF;
	177D   :   FF;
	177E   :   FF;
	177F   :   FF;
	1780   :   FF;
	1781   :   FF;
	1782   :   FF;
	1783   :   FF;
	1784   :   FF;
	1785   :   FF;
	1786   :   FF;
	1787   :   FF;
	1788   :   FF;
	1789   :   FF;
	178A   :   FF;
	178B   :   FF;
	178C   :   FF;
	178D   :   FF;
	178E   :   FF;
	178F   :   FF;
	1790   :   FF;
	1791   :   FF;
	1792   :   FF;
	1793   :   FF;
	1794   :   FF;
	1795   :   FF;
	1796   :   FF;
	1797   :   FF;
	1798   :   FF;
	1799   :   FF;
	179A   :   FF;
	179B   :   FF;
	179C   :   FF;
	179D   :   FF;
	179E   :   FF;
	179F   :   FF;
	17A0   :   FF;
	17A1   :   FF;
	17A2   :   FF;
	17A3   :   FF;
	17A4   :   FF;
	17A5   :   FF;
	17A6   :   FF;
	17A7   :   FF;
	17A8   :   FF;
	17A9   :   FF;
	17AA   :   FF;
	17AB   :   FF;
	17AC   :   FF;
	17AD   :   FF;
	17AE   :   FF;
	17AF   :   FF;
	17B0   :   FF;
	17B1   :   FF;
	17B2   :   FF;
	17B3   :   FF;
	17B4   :   FF;
	17B5   :   FF;
	17B6   :   FF;
	17B7   :   FF;
	17B8   :   FF;
	17B9   :   FF;
	17BA   :   FF;
	17BB   :   FF;
	17BC   :   FF;
	17BD   :   FF;
	17BE   :   FF;
	17BF   :   FF;
	17C0   :   FF;
	17C1   :   FF;
	17C2   :   FF;
	17C3   :   FF;
	17C4   :   FF;
	17C5   :   FF;
	17C6   :   FF;
	17C7   :   FF;
	17C8   :   FF;
	17C9   :   FF;
	17CA   :   FF;
	17CB   :   FF;
	17CC   :   FF;
	17CD   :   FF;
	17CE   :   FF;
	17CF   :   FF;
	17D0   :   FF;
	17D1   :   FF;
	17D2   :   FF;
	17D3   :   FF;
	17D4   :   FF;
	17D5   :   FF;
	17D6   :   FF;
	17D7   :   FF;
	17D8   :   FF;
	17D9   :   FF;
	17DA   :   FF;
	17DB   :   FF;
	17DC   :   FF;
	17DD   :   FF;
	17DE   :   FF;
	17DF   :   FF;
	17E0   :   FF;
	17E1   :   FF;
	17E2   :   FF;
	17E3   :   FF;
	17E4   :   FF;
	17E5   :   FF;
	17E6   :   FF;
	17E7   :   FF;
	17E8   :   FF;
	17E9   :   FF;
	17EA   :   FF;
	17EB   :   FF;
	17EC   :   FF;
	17ED   :   FF;
	17EE   :   FF;
	17EF   :   FF;
	17F0   :   FF;
	17F1   :   FF;
	17F2   :   FF;
	17F3   :   FF;
	17F4   :   FF;
	17F5   :   FF;
	17F6   :   FF;
	17F7   :   FF;
	17F8   :   FF;
	17F9   :   FF;
	17FA   :   FF;
	17FB   :   FF;
	17FC   :   FF;
	17FD   :   FF;
	17FE   :   FF;
	17FF   :   FF;
	1800   :   FF;
	1801   :   FF;
	1802   :   FF;
	1803   :   FF;
	1804   :   FF;
	1805   :   FF;
	1806   :   FF;
	1807   :   FF;
	1808   :   FF;
	1809   :   FF;
	180A   :   FF;
	180B   :   FF;
	180C   :   FF;
	180D   :   FF;
	180E   :   FF;
	180F   :   FF;
	1810   :   FF;
	1811   :   FF;
	1812   :   FF;
	1813   :   FF;
	1814   :   FF;
	1815   :   FF;
	1816   :   FF;
	1817   :   FF;
	1818   :   FF;
	1819   :   FF;
	181A   :   FF;
	181B   :   FF;
	181C   :   FF;
	181D   :   FF;
	181E   :   FF;
	181F   :   FF;
	1820   :   FF;
	1821   :   FF;
	1822   :   FF;
	1823   :   FF;
	1824   :   FF;
	1825   :   FF;
	1826   :   FF;
	1827   :   FF;
	1828   :   FF;
	1829   :   FF;
	182A   :   FF;
	182B   :   FF;
	182C   :   FF;
	182D   :   FF;
	182E   :   FF;
	182F   :   FF;
	1830   :   FF;
	1831   :   FF;
	1832   :   FF;
	1833   :   FF;
	1834   :   FF;
	1835   :   FF;
	1836   :   FF;
	1837   :   FF;
	1838   :   FF;
	1839   :   FF;
	183A   :   FF;
	183B   :   FF;
	183C   :   FF;
	183D   :   FF;
	183E   :   FF;
	183F   :   FF;
	1840   :   FF;
	1841   :   FF;
	1842   :   FF;
	1843   :   FF;
	1844   :   FF;
	1845   :   FF;
	1846   :   FF;
	1847   :   FF;
	1848   :   FF;
	1849   :   FF;
	184A   :   FF;
	184B   :   FF;
	184C   :   FF;
	184D   :   FF;
	184E   :   FF;
	184F   :   FF;
	1850   :   FF;
	1851   :   FF;
	1852   :   FF;
	1853   :   FF;
	1854   :   FF;
	1855   :   FF;
	1856   :   FF;
	1857   :   FF;
	1858   :   FF;
	1859   :   FF;
	185A   :   FF;
	185B   :   FF;
	185C   :   FF;
	185D   :   FF;
	185E   :   FF;
	185F   :   FF;
	1860   :   FF;
	1861   :   FF;
	1862   :   FF;
	1863   :   FF;
	1864   :   FF;
	1865   :   FF;
	1866   :   FF;
	1867   :   FF;
	1868   :   FF;
	1869   :   FF;
	186A   :   FF;
	186B   :   FF;
	186C   :   FF;
	186D   :   FF;
	186E   :   FF;
	186F   :   FF;
	1870   :   FF;
	1871   :   FF;
	1872   :   FF;
	1873   :   FF;
	1874   :   FF;
	1875   :   FF;
	1876   :   FF;
	1877   :   FF;
	1878   :   FF;
	1879   :   FF;
	187A   :   FF;
	187B   :   FF;
	187C   :   FF;
	187D   :   FF;
	187E   :   FF;
	187F   :   FF;
	1880   :   FF;
	1881   :   FF;
	1882   :   FF;
	1883   :   FF;
	1884   :   FF;
	1885   :   FF;
	1886   :   FF;
	1887   :   FF;
	1888   :   FF;
	1889   :   FF;
	188A   :   FF;
	188B   :   FF;
	188C   :   FF;
	188D   :   FF;
	188E   :   FF;
	188F   :   FF;
	1890   :   FF;
	1891   :   FF;
	1892   :   FF;
	1893   :   FF;
	1894   :   FF;
	1895   :   FF;
	1896   :   FF;
	1897   :   FF;
	1898   :   FF;
	1899   :   FF;
	189A   :   FF;
	189B   :   FF;
	189C   :   FF;
	189D   :   FF;
	189E   :   FF;
	189F   :   FF;
	18A0   :   FF;
	18A1   :   FF;
	18A2   :   FF;
	18A3   :   FF;
	18A4   :   FF;
	18A5   :   FF;
	18A6   :   FF;
	18A7   :   FF;
	18A8   :   FF;
	18A9   :   FF;
	18AA   :   FF;
	18AB   :   FF;
	18AC   :   FF;
	18AD   :   FF;
	18AE   :   FF;
	18AF   :   FF;
	18B0   :   FF;
	18B1   :   FF;
	18B2   :   FF;
	18B3   :   FF;
	18B4   :   FF;
	18B5   :   FF;
	18B6   :   FF;
	18B7   :   FF;
	18B8   :   FF;
	18B9   :   FF;
	18BA   :   FF;
	18BB   :   FF;
	18BC   :   FF;
	18BD   :   FF;
	18BE   :   FF;
	18BF   :   FF;
	18C0   :   FF;
	18C1   :   FF;
	18C2   :   FF;
	18C3   :   FF;
	18C4   :   FF;
	18C5   :   FF;
	18C6   :   FF;
	18C7   :   FF;
	18C8   :   FF;
	18C9   :   FF;
	18CA   :   FF;
	18CB   :   FF;
	18CC   :   FF;
	18CD   :   FF;
	18CE   :   FF;
	18CF   :   FF;
	18D0   :   FF;
	18D1   :   FF;
	18D2   :   FF;
	18D3   :   FF;
	18D4   :   FF;
	18D5   :   FF;
	18D6   :   FF;
	18D7   :   FF;
	18D8   :   FF;
	18D9   :   FF;
	18DA   :   FF;
	18DB   :   FF;
	18DC   :   FF;
	18DD   :   FF;
	18DE   :   FF;
	18DF   :   FF;
	18E0   :   FF;
	18E1   :   FF;
	18E2   :   FF;
	18E3   :   FF;
	18E4   :   FF;
	18E5   :   FF;
	18E6   :   FF;
	18E7   :   FF;
	18E8   :   FF;
	18E9   :   FF;
	18EA   :   FF;
	18EB   :   FF;
	18EC   :   FF;
	18ED   :   FF;
	18EE   :   FF;
	18EF   :   FF;
	18F0   :   FF;
	18F1   :   FF;
	18F2   :   FF;
	18F3   :   FF;
	18F4   :   FF;
	18F5   :   FF;
	18F6   :   FF;
	18F7   :   FF;
	18F8   :   FF;
	18F9   :   FF;
	18FA   :   FF;
	18FB   :   FF;
	18FC   :   FF;
	18FD   :   FF;
	18FE   :   FF;
	18FF   :   FF;
	1900   :   FF;
	1901   :   FF;
	1902   :   FF;
	1903   :   FF;
	1904   :   FF;
	1905   :   FF;
	1906   :   FF;
	1907   :   FF;
	1908   :   FF;
	1909   :   FF;
	190A   :   FF;
	190B   :   FF;
	190C   :   FF;
	190D   :   FF;
	190E   :   FF;
	190F   :   FF;
	1910   :   FF;
	1911   :   FF;
	1912   :   FF;
	1913   :   FF;
	1914   :   FF;
	1915   :   FF;
	1916   :   FF;
	1917   :   FF;
	1918   :   FF;
	1919   :   FF;
	191A   :   FF;
	191B   :   FF;
	191C   :   FF;
	191D   :   FF;
	191E   :   FF;
	191F   :   FF;
	1920   :   FF;
	1921   :   FF;
	1922   :   FF;
	1923   :   FF;
	1924   :   FF;
	1925   :   FF;
	1926   :   FF;
	1927   :   FF;
	1928   :   FF;
	1929   :   FF;
	192A   :   FF;
	192B   :   FF;
	192C   :   FF;
	192D   :   FF;
	192E   :   FF;
	192F   :   FF;
	1930   :   FF;
	1931   :   FF;
	1932   :   FF;
	1933   :   FF;
	1934   :   FF;
	1935   :   FF;
	1936   :   FF;
	1937   :   FF;
	1938   :   FF;
	1939   :   FF;
	193A   :   FF;
	193B   :   FF;
	193C   :   FF;
	193D   :   FF;
	193E   :   FF;
	193F   :   FF;
	1940   :   FF;
	1941   :   FF;
	1942   :   FF;
	1943   :   FF;
	1944   :   FF;
	1945   :   FF;
	1946   :   FF;
	1947   :   FF;
	1948   :   FF;
	1949   :   FF;
	194A   :   FF;
	194B   :   FF;
	194C   :   FF;
	194D   :   FF;
	194E   :   FF;
	194F   :   FF;
	1950   :   FF;
	1951   :   FF;
	1952   :   FF;
	1953   :   FF;
	1954   :   FF;
	1955   :   FF;
	1956   :   FF;
	1957   :   FF;
	1958   :   FF;
	1959   :   FF;
	195A   :   FF;
	195B   :   FF;
	195C   :   FF;
	195D   :   FF;
	195E   :   FF;
	195F   :   FF;
	1960   :   FF;
	1961   :   FF;
	1962   :   FF;
	1963   :   FF;
	1964   :   FF;
	1965   :   FF;
	1966   :   FF;
	1967   :   FF;
	1968   :   FF;
	1969   :   FF;
	196A   :   FF;
	196B   :   FF;
	196C   :   FF;
	196D   :   FF;
	196E   :   FF;
	196F   :   FF;
	1970   :   FF;
	1971   :   FF;
	1972   :   FF;
	1973   :   FF;
	1974   :   FF;
	1975   :   FF;
	1976   :   FF;
	1977   :   FF;
	1978   :   FF;
	1979   :   FF;
	197A   :   FF;
	197B   :   FF;
	197C   :   FF;
	197D   :   FF;
	197E   :   FF;
	197F   :   FF;
	1980   :   FF;
	1981   :   FF;
	1982   :   FF;
	1983   :   FF;
	1984   :   FF;
	1985   :   FF;
	1986   :   FF;
	1987   :   FF;
	1988   :   FF;
	1989   :   FF;
	198A   :   FF;
	198B   :   FF;
	198C   :   FF;
	198D   :   FF;
	198E   :   FF;
	198F   :   FF;
	1990   :   FF;
	1991   :   FF;
	1992   :   FF;
	1993   :   FF;
	1994   :   FF;
	1995   :   FF;
	1996   :   FF;
	1997   :   FF;
	1998   :   FF;
	1999   :   FF;
	199A   :   FF;
	199B   :   FF;
	199C   :   FF;
	199D   :   FF;
	199E   :   FF;
	199F   :   FF;
	19A0   :   FF;
	19A1   :   FF;
	19A2   :   FF;
	19A3   :   FF;
	19A4   :   FF;
	19A5   :   FF;
	19A6   :   FF;
	19A7   :   FF;
	19A8   :   FF;
	19A9   :   FF;
	19AA   :   FF;
	19AB   :   FF;
	19AC   :   FF;
	19AD   :   FF;
	19AE   :   FF;
	19AF   :   FF;
	19B0   :   FF;
	19B1   :   FF;
	19B2   :   FF;
	19B3   :   FF;
	19B4   :   FF;
	19B5   :   FF;
	19B6   :   FF;
	19B7   :   FF;
	19B8   :   FF;
	19B9   :   FF;
	19BA   :   FF;
	19BB   :   FF;
	19BC   :   FF;
	19BD   :   FF;
	19BE   :   FF;
	19BF   :   FF;
	19C0   :   FF;
	19C1   :   FF;
	19C2   :   FF;
	19C3   :   FF;
	19C4   :   FF;
	19C5   :   FF;
	19C6   :   FF;
	19C7   :   FF;
	19C8   :   FF;
	19C9   :   FF;
	19CA   :   FF;
	19CB   :   FF;
	19CC   :   FF;
	19CD   :   FF;
	19CE   :   FF;
	19CF   :   FF;
	19D0   :   FF;
	19D1   :   FF;
	19D2   :   FF;
	19D3   :   FF;
	19D4   :   FF;
	19D5   :   FF;
	19D6   :   FF;
	19D7   :   FF;
	19D8   :   FF;
	19D9   :   FF;
	19DA   :   FF;
	19DB   :   FF;
	19DC   :   FF;
	19DD   :   FF;
	19DE   :   FF;
	19DF   :   FF;
	19E0   :   FF;
	19E1   :   FF;
	19E2   :   FF;
	19E3   :   FF;
	19E4   :   FF;
	19E5   :   FF;
	19E6   :   FF;
	19E7   :   FF;
	19E8   :   FF;
	19E9   :   FF;
	19EA   :   FF;
	19EB   :   FF;
	19EC   :   FF;
	19ED   :   FF;
	19EE   :   FF;
	19EF   :   FF;
	19F0   :   FF;
	19F1   :   FF;
	19F2   :   FF;
	19F3   :   FF;
	19F4   :   FF;
	19F5   :   FF;
	19F6   :   FF;
	19F7   :   FF;
	19F8   :   FF;
	19F9   :   FF;
	19FA   :   FF;
	19FB   :   FF;
	19FC   :   FF;
	19FD   :   FF;
	19FE   :   FF;
	19FF   :   FF;
	1A00   :   FF;
	1A01   :   FF;
	1A02   :   FF;
	1A03   :   FF;
	1A04   :   FF;
	1A05   :   FF;
	1A06   :   FF;
	1A07   :   FF;
	1A08   :   FF;
	1A09   :   FF;
	1A0A   :   FF;
	1A0B   :   FF;
	1A0C   :   FF;
	1A0D   :   FF;
	1A0E   :   FF;
	1A0F   :   FF;
	1A10   :   FF;
	1A11   :   FF;
	1A12   :   FF;
	1A13   :   FF;
	1A14   :   FF;
	1A15   :   FF;
	1A16   :   FF;
	1A17   :   FF;
	1A18   :   FF;
	1A19   :   FF;
	1A1A   :   FF;
	1A1B   :   FF;
	1A1C   :   FF;
	1A1D   :   FF;
	1A1E   :   FF;
	1A1F   :   FF;
	1A20   :   FF;
	1A21   :   FF;
	1A22   :   FF;
	1A23   :   FF;
	1A24   :   FF;
	1A25   :   FF;
	1A26   :   FF;
	1A27   :   FF;
	1A28   :   FF;
	1A29   :   FF;
	1A2A   :   FF;
	1A2B   :   FF;
	1A2C   :   FF;
	1A2D   :   FF;
	1A2E   :   FF;
	1A2F   :   FF;
	1A30   :   FF;
	1A31   :   FF;
	1A32   :   FF;
	1A33   :   FF;
	1A34   :   FF;
	1A35   :   FF;
	1A36   :   FF;
	1A37   :   FF;
	1A38   :   FF;
	1A39   :   FF;
	1A3A   :   FF;
	1A3B   :   FF;
	1A3C   :   FF;
	1A3D   :   FF;
	1A3E   :   FF;
	1A3F   :   FF;
	1A40   :   FF;
	1A41   :   FF;
	1A42   :   FF;
	1A43   :   FF;
	1A44   :   FF;
	1A45   :   FF;
	1A46   :   FF;
	1A47   :   FF;
	1A48   :   FF;
	1A49   :   FF;
	1A4A   :   FF;
	1A4B   :   FF;
	1A4C   :   FF;
	1A4D   :   FF;
	1A4E   :   FF;
	1A4F   :   FF;
	1A50   :   FF;
	1A51   :   FF;
	1A52   :   FF;
	1A53   :   FF;
	1A54   :   FF;
	1A55   :   FF;
	1A56   :   FF;
	1A57   :   FF;
	1A58   :   FF;
	1A59   :   FF;
	1A5A   :   FF;
	1A5B   :   FF;
	1A5C   :   FF;
	1A5D   :   FF;
	1A5E   :   FF;
	1A5F   :   FF;
	1A60   :   FF;
	1A61   :   FF;
	1A62   :   FF;
	1A63   :   FF;
	1A64   :   FF;
	1A65   :   FF;
	1A66   :   FF;
	1A67   :   FF;
	1A68   :   FF;
	1A69   :   FF;
	1A6A   :   FF;
	1A6B   :   FF;
	1A6C   :   FF;
	1A6D   :   FF;
	1A6E   :   FF;
	1A6F   :   FF;
	1A70   :   FF;
	1A71   :   FF;
	1A72   :   FF;
	1A73   :   FF;
	1A74   :   FF;
	1A75   :   FF;
	1A76   :   FF;
	1A77   :   FF;
	1A78   :   FF;
	1A79   :   FF;
	1A7A   :   FF;
	1A7B   :   FF;
	1A7C   :   FF;
	1A7D   :   FF;
	1A7E   :   FF;
	1A7F   :   FF;
	1A80   :   FF;
	1A81   :   FF;
	1A82   :   FF;
	1A83   :   FF;
	1A84   :   FF;
	1A85   :   FF;
	1A86   :   FF;
	1A87   :   FF;
	1A88   :   FF;
	1A89   :   FF;
	1A8A   :   FF;
	1A8B   :   FF;
	1A8C   :   FF;
	1A8D   :   FF;
	1A8E   :   FF;
	1A8F   :   FF;
	1A90   :   FF;
	1A91   :   FF;
	1A92   :   FF;
	1A93   :   FF;
	1A94   :   FF;
	1A95   :   FF;
	1A96   :   FF;
	1A97   :   FF;
	1A98   :   FF;
	1A99   :   FF;
	1A9A   :   FF;
	1A9B   :   FF;
	1A9C   :   FF;
	1A9D   :   FF;
	1A9E   :   FF;
	1A9F   :   FF;
	1AA0   :   FF;
	1AA1   :   FF;
	1AA2   :   FF;
	1AA3   :   FF;
	1AA4   :   FF;
	1AA5   :   FF;
	1AA6   :   FF;
	1AA7   :   FF;
	1AA8   :   FF;
	1AA9   :   FF;
	1AAA   :   FF;
	1AAB   :   FF;
	1AAC   :   FF;
	1AAD   :   FF;
	1AAE   :   FF;
	1AAF   :   FF;
	1AB0   :   FF;
	1AB1   :   FF;
	1AB2   :   FF;
	1AB3   :   FF;
	1AB4   :   FF;
	1AB5   :   FF;
	1AB6   :   FF;
	1AB7   :   FF;
	1AB8   :   FF;
	1AB9   :   FF;
	1ABA   :   FF;
	1ABB   :   FF;
	1ABC   :   FF;
	1ABD   :   FF;
	1ABE   :   FF;
	1ABF   :   FF;
	1AC0   :   FF;
	1AC1   :   FF;
	1AC2   :   FF;
	1AC3   :   FF;
	1AC4   :   FF;
	1AC5   :   FF;
	1AC6   :   FF;
	1AC7   :   FF;
	1AC8   :   FF;
	1AC9   :   FF;
	1ACA   :   FF;
	1ACB   :   FF;
	1ACC   :   FF;
	1ACD   :   FF;
	1ACE   :   FF;
	1ACF   :   FF;
	1AD0   :   FF;
	1AD1   :   FF;
	1AD2   :   FF;
	1AD3   :   FF;
	1AD4   :   FF;
	1AD5   :   FF;
	1AD6   :   FF;
	1AD7   :   FF;
	1AD8   :   FF;
	1AD9   :   FF;
	1ADA   :   FF;
	1ADB   :   FF;
	1ADC   :   FF;
	1ADD   :   FF;
	1ADE   :   FF;
	1ADF   :   FF;
	1AE0   :   FF;
	1AE1   :   FF;
	1AE2   :   FF;
	1AE3   :   FF;
	1AE4   :   FF;
	1AE5   :   FF;
	1AE6   :   FF;
	1AE7   :   FF;
	1AE8   :   FF;
	1AE9   :   FF;
	1AEA   :   FF;
	1AEB   :   FF;
	1AEC   :   FF;
	1AED   :   FF;
	1AEE   :   FF;
	1AEF   :   FF;
	1AF0   :   FF;
	1AF1   :   FF;
	1AF2   :   FF;
	1AF3   :   FF;
	1AF4   :   FF;
	1AF5   :   FF;
	1AF6   :   FF;
	1AF7   :   FF;
	1AF8   :   FF;
	1AF9   :   FF;
	1AFA   :   FF;
	1AFB   :   FF;
	1AFC   :   FF;
	1AFD   :   FF;
	1AFE   :   FF;
	1AFF   :   FF;
	1B00   :   FF;
	1B01   :   FF;
	1B02   :   FF;
	1B03   :   FF;
	1B04   :   FF;
	1B05   :   FF;
	1B06   :   FF;
	1B07   :   FF;
	1B08   :   FF;
	1B09   :   FF;
	1B0A   :   FF;
	1B0B   :   FF;
	1B0C   :   FF;
	1B0D   :   FF;
	1B0E   :   FF;
	1B0F   :   FF;
	1B10   :   FF;
	1B11   :   FF;
	1B12   :   FF;
	1B13   :   FF;
	1B14   :   FF;
	1B15   :   FF;
	1B16   :   FF;
	1B17   :   FF;
	1B18   :   FF;
	1B19   :   FF;
	1B1A   :   FF;
	1B1B   :   FF;
	1B1C   :   FF;
	1B1D   :   FF;
	1B1E   :   FF;
	1B1F   :   FF;
	1B20   :   FF;
	1B21   :   FF;
	1B22   :   FF;
	1B23   :   FF;
	1B24   :   FF;
	1B25   :   FF;
	1B26   :   FF;
	1B27   :   FF;
	1B28   :   FF;
	1B29   :   FF;
	1B2A   :   FF;
	1B2B   :   FF;
	1B2C   :   FF;
	1B2D   :   FF;
	1B2E   :   FF;
	1B2F   :   FF;
	1B30   :   FF;
	1B31   :   FF;
	1B32   :   FF;
	1B33   :   FF;
	1B34   :   FF;
	1B35   :   FF;
	1B36   :   FF;
	1B37   :   FF;
	1B38   :   FF;
	1B39   :   FF;
	1B3A   :   FF;
	1B3B   :   FF;
	1B3C   :   FF;
	1B3D   :   FF;
	1B3E   :   FF;
	1B3F   :   FF;
	1B40   :   FF;
	1B41   :   FF;
	1B42   :   FF;
	1B43   :   FF;
	1B44   :   FF;
	1B45   :   FF;
	1B46   :   FF;
	1B47   :   FF;
	1B48   :   FF;
	1B49   :   FF;
	1B4A   :   FF;
	1B4B   :   FF;
	1B4C   :   FF;
	1B4D   :   FF;
	1B4E   :   FF;
	1B4F   :   FF;
	1B50   :   FF;
	1B51   :   FF;
	1B52   :   FF;
	1B53   :   FF;
	1B54   :   FF;
	1B55   :   FF;
	1B56   :   FF;
	1B57   :   FF;
	1B58   :   FF;
	1B59   :   FF;
	1B5A   :   FF;
	1B5B   :   FF;
	1B5C   :   FF;
	1B5D   :   FF;
	1B5E   :   FF;
	1B5F   :   FF;
	1B60   :   FF;
	1B61   :   FF;
	1B62   :   FF;
	1B63   :   FF;
	1B64   :   FF;
	1B65   :   FF;
	1B66   :   FF;
	1B67   :   FF;
	1B68   :   FF;
	1B69   :   FF;
	1B6A   :   FF;
	1B6B   :   FF;
	1B6C   :   FF;
	1B6D   :   FF;
	1B6E   :   FF;
	1B6F   :   FF;
	1B70   :   FF;
	1B71   :   FF;
	1B72   :   FF;
	1B73   :   FF;
	1B74   :   FF;
	1B75   :   FF;
	1B76   :   FF;
	1B77   :   FF;
	1B78   :   FF;
	1B79   :   FF;
	1B7A   :   FF;
	1B7B   :   FF;
	1B7C   :   FF;
	1B7D   :   FF;
	1B7E   :   FF;
	1B7F   :   FF;
	1B80   :   FF;
	1B81   :   FF;
	1B82   :   FF;
	1B83   :   FF;
	1B84   :   FF;
	1B85   :   FF;
	1B86   :   FF;
	1B87   :   FF;
	1B88   :   FF;
	1B89   :   FF;
	1B8A   :   FF;
	1B8B   :   FF;
	1B8C   :   FF;
	1B8D   :   FF;
	1B8E   :   FF;
	1B8F   :   FF;
	1B90   :   FF;
	1B91   :   FF;
	1B92   :   FF;
	1B93   :   FF;
	1B94   :   FF;
	1B95   :   FF;
	1B96   :   FF;
	1B97   :   FF;
	1B98   :   FF;
	1B99   :   FF;
	1B9A   :   FF;
	1B9B   :   FF;
	1B9C   :   FF;
	1B9D   :   FF;
	1B9E   :   FF;
	1B9F   :   FF;
	1BA0   :   FF;
	1BA1   :   FF;
	1BA2   :   FF;
	1BA3   :   FF;
	1BA4   :   FF;
	1BA5   :   FF;
	1BA6   :   FF;
	1BA7   :   FF;
	1BA8   :   FF;
	1BA9   :   FF;
	1BAA   :   FF;
	1BAB   :   FF;
	1BAC   :   FF;
	1BAD   :   FF;
	1BAE   :   FF;
	1BAF   :   FF;
	1BB0   :   FF;
	1BB1   :   FF;
	1BB2   :   FF;
	1BB3   :   FF;
	1BB4   :   FF;
	1BB5   :   FF;
	1BB6   :   FF;
	1BB7   :   FF;
	1BB8   :   FF;
	1BB9   :   FF;
	1BBA   :   FF;
	1BBB   :   FF;
	1BBC   :   FF;
	1BBD   :   FF;
	1BBE   :   FF;
	1BBF   :   FF;
	1BC0   :   FF;
	1BC1   :   FF;
	1BC2   :   FF;
	1BC3   :   FF;
	1BC4   :   FF;
	1BC5   :   FF;
	1BC6   :   FF;
	1BC7   :   FF;
	1BC8   :   FF;
	1BC9   :   FF;
	1BCA   :   FF;
	1BCB   :   FF;
	1BCC   :   FF;
	1BCD   :   FF;
	1BCE   :   FF;
	1BCF   :   FF;
	1BD0   :   FF;
	1BD1   :   FF;
	1BD2   :   FF;
	1BD3   :   FF;
	1BD4   :   FF;
	1BD5   :   FF;
	1BD6   :   FF;
	1BD7   :   FF;
	1BD8   :   FF;
	1BD9   :   FF;
	1BDA   :   FF;
	1BDB   :   FF;
	1BDC   :   FF;
	1BDD   :   FF;
	1BDE   :   FF;
	1BDF   :   FF;
	1BE0   :   FF;
	1BE1   :   FF;
	1BE2   :   FF;
	1BE3   :   FF;
	1BE4   :   FF;
	1BE5   :   FF;
	1BE6   :   FF;
	1BE7   :   FF;
	1BE8   :   FF;
	1BE9   :   FF;
	1BEA   :   FF;
	1BEB   :   FF;
	1BEC   :   FF;
	1BED   :   FF;
	1BEE   :   FF;
	1BEF   :   FF;
	1BF0   :   FF;
	1BF1   :   FF;
	1BF2   :   FF;
	1BF3   :   FF;
	1BF4   :   FF;
	1BF5   :   FF;
	1BF6   :   FF;
	1BF7   :   FF;
	1BF8   :   FF;
	1BF9   :   FF;
	1BFA   :   FF;
	1BFB   :   FF;
	1BFC   :   FF;
	1BFD   :   FF;
	1BFE   :   FF;
	1BFF   :   FF;
	1C00   :   FF;
	1C01   :   FF;
	1C02   :   FF;
	1C03   :   FF;
	1C04   :   FF;
	1C05   :   FF;
	1C06   :   FF;
	1C07   :   FF;
	1C08   :   FF;
	1C09   :   FF;
	1C0A   :   FF;
	1C0B   :   FF;
	1C0C   :   FF;
	1C0D   :   FF;
	1C0E   :   FF;
	1C0F   :   FF;
	1C10   :   FF;
	1C11   :   FF;
	1C12   :   FF;
	1C13   :   FF;
	1C14   :   FF;
	1C15   :   FF;
	1C16   :   FF;
	1C17   :   FF;
	1C18   :   FF;
	1C19   :   FF;
	1C1A   :   FF;
	1C1B   :   FF;
	1C1C   :   FF;
	1C1D   :   FF;
	1C1E   :   FF;
	1C1F   :   FF;
	1C20   :   FF;
	1C21   :   FF;
	1C22   :   FF;
	1C23   :   FF;
	1C24   :   FF;
	1C25   :   FF;
	1C26   :   FF;
	1C27   :   FF;
	1C28   :   FF;
	1C29   :   FF;
	1C2A   :   FF;
	1C2B   :   FF;
	1C2C   :   FF;
	1C2D   :   FF;
	1C2E   :   FF;
	1C2F   :   FF;
	1C30   :   FF;
	1C31   :   FF;
	1C32   :   FF;
	1C33   :   FF;
	1C34   :   FF;
	1C35   :   FF;
	1C36   :   FF;
	1C37   :   FF;
	1C38   :   FF;
	1C39   :   FF;
	1C3A   :   FF;
	1C3B   :   FF;
	1C3C   :   FF;
	1C3D   :   FF;
	1C3E   :   FF;
	1C3F   :   FF;
	1C40   :   FF;
	1C41   :   FF;
	1C42   :   FF;
	1C43   :   FF;
	1C44   :   FF;
	1C45   :   FF;
	1C46   :   FF;
	1C47   :   FF;
	1C48   :   FF;
	1C49   :   FF;
	1C4A   :   FF;
	1C4B   :   FF;
	1C4C   :   FF;
	1C4D   :   FF;
	1C4E   :   FF;
	1C4F   :   FF;
	1C50   :   FF;
	1C51   :   FF;
	1C52   :   FF;
	1C53   :   FF;
	1C54   :   FF;
	1C55   :   FF;
	1C56   :   FF;
	1C57   :   FF;
	1C58   :   FF;
	1C59   :   FF;
	1C5A   :   FF;
	1C5B   :   FF;
	1C5C   :   FF;
	1C5D   :   FF;
	1C5E   :   FF;
	1C5F   :   FF;
	1C60   :   FF;
	1C61   :   FF;
	1C62   :   FF;
	1C63   :   FF;
	1C64   :   FF;
	1C65   :   FF;
	1C66   :   FF;
	1C67   :   FF;
	1C68   :   FF;
	1C69   :   FF;
	1C6A   :   FF;
	1C6B   :   FF;
	1C6C   :   FF;
	1C6D   :   FF;
	1C6E   :   FF;
	1C6F   :   FF;
	1C70   :   FF;
	1C71   :   FF;
	1C72   :   FF;
	1C73   :   FF;
	1C74   :   FF;
	1C75   :   FF;
	1C76   :   FF;
	1C77   :   FF;
	1C78   :   FF;
	1C79   :   FF;
	1C7A   :   FF;
	1C7B   :   FF;
	1C7C   :   FF;
	1C7D   :   FF;
	1C7E   :   FF;
	1C7F   :   FF;
	1C80   :   FF;
	1C81   :   FF;
	1C82   :   FF;
	1C83   :   FF;
	1C84   :   FF;
	1C85   :   FF;
	1C86   :   FF;
	1C87   :   FF;
	1C88   :   FF;
	1C89   :   FF;
	1C8A   :   FF;
	1C8B   :   FF;
	1C8C   :   FF;
	1C8D   :   FF;
	1C8E   :   FF;
	1C8F   :   FF;
	1C90   :   FF;
	1C91   :   FF;
	1C92   :   FF;
	1C93   :   FF;
	1C94   :   FF;
	1C95   :   FF;
	1C96   :   FF;
	1C97   :   FF;
	1C98   :   FF;
	1C99   :   FF;
	1C9A   :   FF;
	1C9B   :   FF;
	1C9C   :   FF;
	1C9D   :   FF;
	1C9E   :   FF;
	1C9F   :   FF;
	1CA0   :   FF;
	1CA1   :   FF;
	1CA2   :   FF;
	1CA3   :   FF;
	1CA4   :   FF;
	1CA5   :   FF;
	1CA6   :   FF;
	1CA7   :   FF;
	1CA8   :   FF;
	1CA9   :   FF;
	1CAA   :   FF;
	1CAB   :   FF;
	1CAC   :   FF;
	1CAD   :   FF;
	1CAE   :   FF;
	1CAF   :   FF;
	1CB0   :   FF;
	1CB1   :   FF;
	1CB2   :   FF;
	1CB3   :   FF;
	1CB4   :   FF;
	1CB5   :   FF;
	1CB6   :   FF;
	1CB7   :   FF;
	1CB8   :   FF;
	1CB9   :   FF;
	1CBA   :   FF;
	1CBB   :   FF;
	1CBC   :   FF;
	1CBD   :   FF;
	1CBE   :   FF;
	1CBF   :   FF;
	1CC0   :   FF;
	1CC1   :   FF;
	1CC2   :   FF;
	1CC3   :   FF;
	1CC4   :   FF;
	1CC5   :   FF;
	1CC6   :   FF;
	1CC7   :   FF;
	1CC8   :   FF;
	1CC9   :   FF;
	1CCA   :   FF;
	1CCB   :   FF;
	1CCC   :   FF;
	1CCD   :   FF;
	1CCE   :   FF;
	1CCF   :   FF;
	1CD0   :   FF;
	1CD1   :   FF;
	1CD2   :   FF;
	1CD3   :   FF;
	1CD4   :   FF;
	1CD5   :   FF;
	1CD6   :   FF;
	1CD7   :   FF;
	1CD8   :   FF;
	1CD9   :   FF;
	1CDA   :   FF;
	1CDB   :   FF;
	1CDC   :   FF;
	1CDD   :   FF;
	1CDE   :   FF;
	1CDF   :   FF;
	1CE0   :   FF;
	1CE1   :   FF;
	1CE2   :   FF;
	1CE3   :   FF;
	1CE4   :   FF;
	1CE5   :   FF;
	1CE6   :   FF;
	1CE7   :   FF;
	1CE8   :   FF;
	1CE9   :   FF;
	1CEA   :   FF;
	1CEB   :   FF;
	1CEC   :   FF;
	1CED   :   FF;
	1CEE   :   FF;
	1CEF   :   FF;
	1CF0   :   FF;
	1CF1   :   FF;
	1CF2   :   FF;
	1CF3   :   FF;
	1CF4   :   FF;
	1CF5   :   FF;
	1CF6   :   FF;
	1CF7   :   FF;
	1CF8   :   FF;
	1CF9   :   FF;
	1CFA   :   FF;
	1CFB   :   FF;
	1CFC   :   FF;
	1CFD   :   FF;
	1CFE   :   FF;
	1CFF   :   FF;
	1D00   :   FF;
	1D01   :   FF;
	1D02   :   FF;
	1D03   :   FF;
	1D04   :   FF;
	1D05   :   FF;
	1D06   :   FF;
	1D07   :   FF;
	1D08   :   FF;
	1D09   :   FF;
	1D0A   :   FF;
	1D0B   :   FF;
	1D0C   :   FF;
	1D0D   :   FF;
	1D0E   :   FF;
	1D0F   :   FF;
	1D10   :   FF;
	1D11   :   FF;
	1D12   :   FF;
	1D13   :   FF;
	1D14   :   FF;
	1D15   :   FF;
	1D16   :   FF;
	1D17   :   FF;
	1D18   :   FF;
	1D19   :   FF;
	1D1A   :   FF;
	1D1B   :   FF;
	1D1C   :   FF;
	1D1D   :   FF;
	1D1E   :   FF;
	1D1F   :   FF;
	1D20   :   FF;
	1D21   :   FF;
	1D22   :   FF;
	1D23   :   FF;
	1D24   :   FF;
	1D25   :   FF;
	1D26   :   FF;
	1D27   :   FF;
	1D28   :   FF;
	1D29   :   FF;
	1D2A   :   FF;
	1D2B   :   FF;
	1D2C   :   FF;
	1D2D   :   FF;
	1D2E   :   FF;
	1D2F   :   FF;
	1D30   :   FF;
	1D31   :   FF;
	1D32   :   FF;
	1D33   :   FF;
	1D34   :   FF;
	1D35   :   FF;
	1D36   :   FF;
	1D37   :   FF;
	1D38   :   FF;
	1D39   :   FF;
	1D3A   :   FF;
	1D3B   :   FF;
	1D3C   :   FF;
	1D3D   :   FF;
	1D3E   :   FF;
	1D3F   :   FF;
	1D40   :   FF;
	1D41   :   FF;
	1D42   :   FF;
	1D43   :   FF;
	1D44   :   FF;
	1D45   :   FF;
	1D46   :   FF;
	1D47   :   FF;
	1D48   :   FF;
	1D49   :   FF;
	1D4A   :   FF;
	1D4B   :   FF;
	1D4C   :   FF;
	1D4D   :   FF;
	1D4E   :   FF;
	1D4F   :   FF;
	1D50   :   FF;
	1D51   :   FF;
	1D52   :   FF;
	1D53   :   FF;
	1D54   :   FF;
	1D55   :   FF;
	1D56   :   FF;
	1D57   :   FF;
	1D58   :   FF;
	1D59   :   FF;
	1D5A   :   FF;
	1D5B   :   FF;
	1D5C   :   FF;
	1D5D   :   FF;
	1D5E   :   FF;
	1D5F   :   FF;
	1D60   :   FF;
	1D61   :   FF;
	1D62   :   FF;
	1D63   :   FF;
	1D64   :   FF;
	1D65   :   FF;
	1D66   :   FF;
	1D67   :   FF;
	1D68   :   FF;
	1D69   :   FF;
	1D6A   :   FF;
	1D6B   :   FF;
	1D6C   :   FF;
	1D6D   :   FF;
	1D6E   :   FF;
	1D6F   :   FF;
	1D70   :   FF;
	1D71   :   FF;
	1D72   :   FF;
	1D73   :   FF;
	1D74   :   FF;
	1D75   :   FF;
	1D76   :   FF;
	1D77   :   FF;
	1D78   :   FF;
	1D79   :   FF;
	1D7A   :   FF;
	1D7B   :   FF;
	1D7C   :   FF;
	1D7D   :   FF;
	1D7E   :   FF;
	1D7F   :   FF;
	1D80   :   FF;
	1D81   :   FF;
	1D82   :   FF;
	1D83   :   FF;
	1D84   :   FF;
	1D85   :   FF;
	1D86   :   FF;
	1D87   :   FF;
	1D88   :   FF;
	1D89   :   FF;
	1D8A   :   FF;
	1D8B   :   FF;
	1D8C   :   FF;
	1D8D   :   FF;
	1D8E   :   FF;
	1D8F   :   FF;
	1D90   :   FF;
	1D91   :   FF;
	1D92   :   FF;
	1D93   :   FF;
	1D94   :   FF;
	1D95   :   FF;
	1D96   :   FF;
	1D97   :   FF;
	1D98   :   FF;
	1D99   :   FF;
	1D9A   :   FF;
	1D9B   :   FF;
	1D9C   :   FF;
	1D9D   :   FF;
	1D9E   :   FF;
	1D9F   :   FF;
	1DA0   :   FF;
	1DA1   :   FF;
	1DA2   :   FF;
	1DA3   :   FF;
	1DA4   :   FF;
	1DA5   :   FF;
	1DA6   :   FF;
	1DA7   :   FF;
	1DA8   :   FF;
	1DA9   :   FF;
	1DAA   :   FF;
	1DAB   :   FF;
	1DAC   :   FF;
	1DAD   :   FF;
	1DAE   :   FF;
	1DAF   :   FF;
	1DB0   :   FF;
	1DB1   :   FF;
	1DB2   :   FF;
	1DB3   :   FF;
	1DB4   :   FF;
	1DB5   :   FF;
	1DB6   :   FF;
	1DB7   :   FF;
	1DB8   :   FF;
	1DB9   :   FF;
	1DBA   :   FF;
	1DBB   :   FF;
	1DBC   :   FF;
	1DBD   :   FF;
	1DBE   :   FF;
	1DBF   :   FF;
	1DC0   :   FF;
	1DC1   :   FF;
	1DC2   :   FF;
	1DC3   :   FF;
	1DC4   :   FF;
	1DC5   :   FF;
	1DC6   :   FF;
	1DC7   :   FF;
	1DC8   :   FF;
	1DC9   :   FF;
	1DCA   :   FF;
	1DCB   :   FF;
	1DCC   :   FF;
	1DCD   :   FF;
	1DCE   :   FF;
	1DCF   :   FF;
	1DD0   :   FF;
	1DD1   :   FF;
	1DD2   :   FF;
	1DD3   :   FF;
	1DD4   :   FF;
	1DD5   :   FF;
	1DD6   :   FF;
	1DD7   :   FF;
	1DD8   :   FF;
	1DD9   :   FF;
	1DDA   :   FF;
	1DDB   :   FF;
	1DDC   :   FF;
	1DDD   :   FF;
	1DDE   :   FF;
	1DDF   :   FF;
	1DE0   :   FF;
	1DE1   :   FF;
	1DE2   :   FF;
	1DE3   :   FF;
	1DE4   :   FF;
	1DE5   :   FF;
	1DE6   :   FF;
	1DE7   :   FF;
	1DE8   :   FF;
	1DE9   :   FF;
	1DEA   :   FF;
	1DEB   :   FF;
	1DEC   :   FF;
	1DED   :   FF;
	1DEE   :   FF;
	1DEF   :   FF;
	1DF0   :   FF;
	1DF1   :   FF;
	1DF2   :   FF;
	1DF3   :   FF;
	1DF4   :   FF;
	1DF5   :   FF;
	1DF6   :   FF;
	1DF7   :   FF;
	1DF8   :   FF;
	1DF9   :   FF;
	1DFA   :   FF;
	1DFB   :   FF;
	1DFC   :   FF;
	1DFD   :   FF;
	1DFE   :   FF;
	1DFF   :   FF;
	1E00   :   FF;
	1E01   :   FF;
	1E02   :   FF;
	1E03   :   FF;
	1E04   :   FF;
	1E05   :   FF;
	1E06   :   FF;
	1E07   :   FF;
	1E08   :   FF;
	1E09   :   FF;
	1E0A   :   FF;
	1E0B   :   FF;
	1E0C   :   FF;
	1E0D   :   FF;
	1E0E   :   FF;
	1E0F   :   FF;
	1E10   :   FF;
	1E11   :   FF;
	1E12   :   FF;
	1E13   :   FF;
	1E14   :   FF;
	1E15   :   FF;
	1E16   :   FF;
	1E17   :   FF;
	1E18   :   FF;
	1E19   :   FF;
	1E1A   :   FF;
	1E1B   :   FF;
	1E1C   :   FF;
	1E1D   :   FF;
	1E1E   :   FF;
	1E1F   :   FF;
	1E20   :   FF;
	1E21   :   FF;
	1E22   :   FF;
	1E23   :   FF;
	1E24   :   FF;
	1E25   :   FF;
	1E26   :   FF;
	1E27   :   FF;
	1E28   :   FF;
	1E29   :   FF;
	1E2A   :   FF;
	1E2B   :   FF;
	1E2C   :   FF;
	1E2D   :   FF;
	1E2E   :   FF;
	1E2F   :   FF;
	1E30   :   FF;
	1E31   :   FF;
	1E32   :   FF;
	1E33   :   FF;
	1E34   :   FF;
	1E35   :   FF;
	1E36   :   FF;
	1E37   :   FF;
	1E38   :   FF;
	1E39   :   FF;
	1E3A   :   FF;
	1E3B   :   FF;
	1E3C   :   FF;
	1E3D   :   FF;
	1E3E   :   FF;
	1E3F   :   FF;
	1E40   :   FF;
	1E41   :   FF;
	1E42   :   FF;
	1E43   :   FF;
	1E44   :   FF;
	1E45   :   FF;
	1E46   :   FF;
	1E47   :   FF;
	1E48   :   FF;
	1E49   :   FF;
	1E4A   :   FF;
	1E4B   :   FF;
	1E4C   :   FF;
	1E4D   :   FF;
	1E4E   :   FF;
	1E4F   :   FF;
	1E50   :   FF;
	1E51   :   FF;
	1E52   :   FF;
	1E53   :   FF;
	1E54   :   FF;
	1E55   :   FF;
	1E56   :   FF;
	1E57   :   FF;
	1E58   :   FF;
	1E59   :   FF;
	1E5A   :   FF;
	1E5B   :   FF;
	1E5C   :   FF;
	1E5D   :   FF;
	1E5E   :   FF;
	1E5F   :   FF;
	1E60   :   FF;
	1E61   :   FF;
	1E62   :   FF;
	1E63   :   FF;
	1E64   :   FF;
	1E65   :   FF;
	1E66   :   FF;
	1E67   :   FF;
	1E68   :   FF;
	1E69   :   FF;
	1E6A   :   FF;
	1E6B   :   FF;
	1E6C   :   FF;
	1E6D   :   FF;
	1E6E   :   FF;
	1E6F   :   FF;
	1E70   :   FF;
	1E71   :   FF;
	1E72   :   FF;
	1E73   :   FF;
	1E74   :   FF;
	1E75   :   FF;
	1E76   :   FF;
	1E77   :   FF;
	1E78   :   FF;
	1E79   :   FF;
	1E7A   :   FF;
	1E7B   :   FF;
	1E7C   :   FF;
	1E7D   :   FF;
	1E7E   :   FF;
	1E7F   :   FF;
	1E80   :   FF;
	1E81   :   FF;
	1E82   :   FF;
	1E83   :   FF;
	1E84   :   FF;
	1E85   :   FF;
	1E86   :   FF;
	1E87   :   FF;
	1E88   :   FF;
	1E89   :   FF;
	1E8A   :   FF;
	1E8B   :   FF;
	1E8C   :   FF;
	1E8D   :   FF;
	1E8E   :   FF;
	1E8F   :   FF;
	1E90   :   FF;
	1E91   :   FF;
	1E92   :   FF;
	1E93   :   FF;
	1E94   :   FF;
	1E95   :   FF;
	1E96   :   FF;
	1E97   :   FF;
	1E98   :   FF;
	1E99   :   FF;
	1E9A   :   FF;
	1E9B   :   FF;
	1E9C   :   FF;
	1E9D   :   FF;
	1E9E   :   FF;
	1E9F   :   FF;
	1EA0   :   FF;
	1EA1   :   FF;
	1EA2   :   FF;
	1EA3   :   FF;
	1EA4   :   FF;
	1EA5   :   FF;
	1EA6   :   FF;
	1EA7   :   FF;
	1EA8   :   FF;
	1EA9   :   FF;
	1EAA   :   FF;
	1EAB   :   FF;
	1EAC   :   FF;
	1EAD   :   FF;
	1EAE   :   FF;
	1EAF   :   FF;
	1EB0   :   FF;
	1EB1   :   FF;
	1EB2   :   FF;
	1EB3   :   FF;
	1EB4   :   FF;
	1EB5   :   FF;
	1EB6   :   FF;
	1EB7   :   FF;
	1EB8   :   FF;
	1EB9   :   FF;
	1EBA   :   FF;
	1EBB   :   FF;
	1EBC   :   FF;
	1EBD   :   FF;
	1EBE   :   FF;
	1EBF   :   FF;
	1EC0   :   FF;
	1EC1   :   FF;
	1EC2   :   FF;
	1EC3   :   FF;
	1EC4   :   FF;
	1EC5   :   FF;
	1EC6   :   FF;
	1EC7   :   FF;
	1EC8   :   FF;
	1EC9   :   FF;
	1ECA   :   FF;
	1ECB   :   FF;
	1ECC   :   FF;
	1ECD   :   FF;
	1ECE   :   FF;
	1ECF   :   FF;
	1ED0   :   FF;
	1ED1   :   FF;
	1ED2   :   FF;
	1ED3   :   FF;
	1ED4   :   FF;
	1ED5   :   FF;
	1ED6   :   FF;
	1ED7   :   FF;
	1ED8   :   FF;
	1ED9   :   FF;
	1EDA   :   FF;
	1EDB   :   FF;
	1EDC   :   FF;
	1EDD   :   FF;
	1EDE   :   FF;
	1EDF   :   FF;
	1EE0   :   FF;
	1EE1   :   FF;
	1EE2   :   FF;
	1EE3   :   FF;
	1EE4   :   FF;
	1EE5   :   FF;
	1EE6   :   FF;
	1EE7   :   FF;
	1EE8   :   FF;
	1EE9   :   FF;
	1EEA   :   FF;
	1EEB   :   FF;
	1EEC   :   FF;
	1EED   :   FF;
	1EEE   :   FF;
	1EEF   :   FF;
	1EF0   :   FF;
	1EF1   :   FF;
	1EF2   :   FF;
	1EF3   :   FF;
	1EF4   :   FF;
	1EF5   :   FF;
	1EF6   :   FF;
	1EF7   :   FF;
	1EF8   :   FF;
	1EF9   :   FF;
	1EFA   :   FF;
	1EFB   :   FF;
	1EFC   :   FF;
	1EFD   :   FF;
	1EFE   :   FF;
	1EFF   :   FF;
	1F00   :   FF;
	1F01   :   FF;
	1F02   :   FF;
	1F03   :   FF;
	1F04   :   FF;
	1F05   :   FF;
	1F06   :   FF;
	1F07   :   FF;
	1F08   :   FF;
	1F09   :   FF;
	1F0A   :   FF;
	1F0B   :   FF;
	1F0C   :   FF;
	1F0D   :   FF;
	1F0E   :   FF;
	1F0F   :   FF;
	1F10   :   FF;
	1F11   :   FF;
	1F12   :   FF;
	1F13   :   FF;
	1F14   :   FF;
	1F15   :   FF;
	1F16   :   FF;
	1F17   :   FF;
	1F18   :   FF;
	1F19   :   FF;
	1F1A   :   FF;
	1F1B   :   FF;
	1F1C   :   FF;
	1F1D   :   FF;
	1F1E   :   FF;
	1F1F   :   FF;
	1F20   :   FF;
	1F21   :   FF;
	1F22   :   FF;
	1F23   :   FF;
	1F24   :   FF;
	1F25   :   FF;
	1F26   :   FF;
	1F27   :   FF;
	1F28   :   FF;
	1F29   :   FF;
	1F2A   :   FF;
	1F2B   :   FF;
	1F2C   :   FF;
	1F2D   :   FF;
	1F2E   :   FF;
	1F2F   :   FF;
	1F30   :   FF;
	1F31   :   FF;
	1F32   :   FF;
	1F33   :   FF;
	1F34   :   FF;
	1F35   :   FF;
	1F36   :   FF;
	1F37   :   FF;
	1F38   :   FF;
	1F39   :   FF;
	1F3A   :   FF;
	1F3B   :   FF;
	1F3C   :   FF;
	1F3D   :   FF;
	1F3E   :   FF;
	1F3F   :   FF;
	1F40   :   FF;
	1F41   :   FF;
	1F42   :   FF;
	1F43   :   FF;
	1F44   :   FF;
	1F45   :   FF;
	1F46   :   FF;
	1F47   :   FF;
	1F48   :   FF;
	1F49   :   FF;
	1F4A   :   FF;
	1F4B   :   FF;
	1F4C   :   FF;
	1F4D   :   FF;
	1F4E   :   FF;
	1F4F   :   FF;
	1F50   :   FF;
	1F51   :   FF;
	1F52   :   FF;
	1F53   :   FF;
	1F54   :   FF;
	1F55   :   FF;
	1F56   :   FF;
	1F57   :   FF;
	1F58   :   FF;
	1F59   :   FF;
	1F5A   :   FF;
	1F5B   :   FF;
	1F5C   :   FF;
	1F5D   :   FF;
	1F5E   :   FF;
	1F5F   :   FF;
	1F60   :   FF;
	1F61   :   FF;
	1F62   :   FF;
	1F63   :   FF;
	1F64   :   FF;
	1F65   :   FF;
	1F66   :   FF;
	1F67   :   FF;
	1F68   :   FF;
	1F69   :   FF;
	1F6A   :   FF;
	1F6B   :   FF;
	1F6C   :   FF;
	1F6D   :   FF;
	1F6E   :   FF;
	1F6F   :   FF;
	1F70   :   FF;
	1F71   :   FF;
	1F72   :   FF;
	1F73   :   FF;
	1F74   :   FF;
	1F75   :   FF;
	1F76   :   FF;
	1F77   :   FF;
	1F78   :   FF;
	1F79   :   FF;
	1F7A   :   FF;
	1F7B   :   FF;
	1F7C   :   FF;
	1F7D   :   FF;
	1F7E   :   FF;
	1F7F   :   FF;
	1F80   :   FF;
	1F81   :   FF;
	1F82   :   FF;
	1F83   :   FF;
	1F84   :   FF;
	1F85   :   FF;
	1F86   :   FF;
	1F87   :   FF;
	1F88   :   FF;
	1F89   :   FF;
	1F8A   :   FF;
	1F8B   :   FF;
	1F8C   :   FF;
	1F8D   :   FF;
	1F8E   :   FF;
	1F8F   :   FF;
	1F90   :   FF;
	1F91   :   FF;
	1F92   :   FF;
	1F93   :   FF;
	1F94   :   FF;
	1F95   :   FF;
	1F96   :   FF;
	1F97   :   FF;
	1F98   :   FF;
	1F99   :   FF;
	1F9A   :   FF;
	1F9B   :   FF;
	1F9C   :   FF;
	1F9D   :   FF;
	1F9E   :   FF;
	1F9F   :   FF;
	1FA0   :   FF;
	1FA1   :   FF;
	1FA2   :   FF;
	1FA3   :   FF;
	1FA4   :   FF;
	1FA5   :   FF;
	1FA6   :   FF;
	1FA7   :   FF;
	1FA8   :   FF;
	1FA9   :   FF;
	1FAA   :   FF;
	1FAB   :   FF;
	1FAC   :   FF;
	1FAD   :   FF;
	1FAE   :   FF;
	1FAF   :   FF;
	1FB0   :   FF;
	1FB1   :   FF;
	1FB2   :   FF;
	1FB3   :   FF;
	1FB4   :   FF;
	1FB5   :   FF;
	1FB6   :   FF;
	1FB7   :   FF;
	1FB8   :   FF;
	1FB9   :   FF;
	1FBA   :   FF;
	1FBB   :   FF;
	1FBC   :   FF;
	1FBD   :   FF;
	1FBE   :   FF;
	1FBF   :   FF;
	1FC0   :   FF;
	1FC1   :   FF;
	1FC2   :   FF;
	1FC3   :   FF;
	1FC4   :   FF;
	1FC5   :   FF;
	1FC6   :   FF;
	1FC7   :   FF;
	1FC8   :   FF;
	1FC9   :   FF;
	1FCA   :   FF;
	1FCB   :   FF;
	1FCC   :   FF;
	1FCD   :   FF;
	1FCE   :   FF;
	1FCF   :   FF;
	1FD0   :   FF;
	1FD1   :   FF;
	1FD2   :   FF;
	1FD3   :   FF;
	1FD4   :   FF;
	1FD5   :   FF;
	1FD6   :   FF;
	1FD7   :   FF;
	1FD8   :   FF;
	1FD9   :   FF;
	1FDA   :   FF;
	1FDB   :   FF;
	1FDC   :   FF;
	1FDD   :   FF;
	1FDE   :   FF;
	1FDF   :   FF;
	1FE0   :   FF;
	1FE1   :   FF;
	1FE2   :   FF;
	1FE3   :   FF;
	1FE4   :   FF;
	1FE5   :   FF;
	1FE6   :   FF;
	1FE7   :   FF;
	1FE8   :   FF;
	1FE9   :   FF;
	1FEA   :   FF;
	1FEB   :   FF;
	1FEC   :   FF;
	1FED   :   FF;
	1FEE   :   FF;
	1FEF   :   FF;
	1FF0   :   FF;
	1FF1   :   FF;
	1FF2   :   FF;
	1FF3   :   FF;
	1FF4   :   FF;
	1FF5   :   FF;
	1FF6   :   FF;
	1FF7   :   FF;
	1FF8   :   FF;
	1FF9   :   FF;
	1FFA   :   00;
	1FFB   :   F0;
	1FFC   :   00;
	1FFD   :   F0;
	1FFE   :   00;
	1FFF   :   F0;
	2000   :   78;
	2001   :   D8;
	2002   :   A2;
	2003   :   FF;
	2004   :   9A;
	2005   :   A9;
	2006   :   00;
	2007   :   95;
	2008   :   00;
	2009   :   CA;
	200A   :   D0;
	200B   :   FB;
	200C   :   A9;
	200D   :   00;
	200E   :   85;
	200F   :   09;
	2010   :   A9;
	2011   :   00;
	2012   :   85;
	2013   :   0A;
	2014   :   A9;
	2015   :   02;
	2016   :   85;
	2017   :   02;
	2018   :   85;
	2019   :   00;
	201A   :   85;
	201B   :   02;
	201C   :   85;
	201D   :   02;
	201E   :   85;
	201F   :   02;
	2020   :   A9;
	2021   :   00;
	2022   :   85;
	2023   :   00;
	2024   :   A9;
	2025   :   02;
	2026   :   85;
	2027   :   01;
	2028   :   A2;
	2029   :   24;
	202A   :   85;
	202B   :   02;
	202C   :   CA;
	202D   :   D0;
	202E   :   FB;
	202F   :   A9;
	2030   :   00;
	2031   :   85;
	2032   :   02;
	2033   :   85;
	2034   :   01;
	2035   :   A2;
	2036   :   00;
	2037   :   A0;
	2038   :   02;
	2039   :   BD;
	203A   :   80;
	203B   :   F0;
	203C   :   85;
	203D   :   08;
	203E   :   BD;
	203F   :   00;
	2040   :   F1;
	2041   :   85;
	2042   :   0D;
	2043   :   BD;
	2044   :   80;
	2045   :   F1;
	2046   :   85;
	2047   :   0E;
	2048   :   BD;
	2049   :   00;
	204A   :   F2;
	204B   :   85;
	204C   :   0F;
	204D   :   BD;
	204E   :   80;
	204F   :   F2;
	2050   :   85;
	2051   :   0D;
	2052   :   BD;
	2053   :   00;
	2054   :   F3;
	2055   :   85;
	2056   :   0E;
	2057   :   BD;
	2058   :   80;
	2059   :   F3;
	205A   :   EA;
	205B   :   EA;
	205C   :   85;
	205D   :   0F;
	205E   :   88;
	205F   :   D0;
	2060   :   03;
	2061   :   A0;
	2062   :   02;
	2063   :   E8;
	2064   :   85;
	2065   :   02;
	2066   :   E0;
	2067   :   60;
	2068   :   D0;
	2069   :   CF;
	206A   :   A9;
	206B   :   02;
	206C   :   85;
	206D   :   01;
	206E   :   A9;
	206F   :   00;
	2070   :   85;
	2071   :   0D;
	2072   :   85;
	2073   :   0E;
	2074   :   85;
	2075   :   0F;
	2076   :   A2;
	2077   :   1D;
	2078   :   85;
	2079   :   02;
	207A   :   CA;
	207B   :   D0;
	207C   :   FB;
	207D   :   4C;
	207E   :   14;
	207F   :   F0;
	2080   :   00;
	2081   :   00;
	2082   :   42;
	2083   :   42;
	2084   :   42;
	2085   :   42;
	2086   :   42;
	2087   :   42;
	2088   :   42;
	2089   :   42;
	208A   :   42;
	208B   :   42;
	208C   :   42;
	208D   :   42;
	208E   :   42;
	208F   :   42;
	2090   :   42;
	2091   :   42;
	2092   :   42;
	2093   :   42;
	2094   :   42;
	2095   :   42;
	2096   :   42;
	2097   :   42;
	2098   :   42;
	2099   :   42;
	209A   :   42;
	209B   :   42;
	209C   :   42;
	209D   :   42;
	209E   :   44;
	209F   :   44;
	20A0   :   44;
	20A1   :   44;
	20A2   :   44;
	20A3   :   44;
	20A4   :   44;
	20A5   :   44;
	20A6   :   44;
	20A7   :   44;
	20A8   :   44;
	20A9   :   44;
	20AA   :   44;
	20AB   :   44;
	20AC   :   44;
	20AD   :   44;
	20AE   :   44;
	20AF   :   44;
	20B0   :   44;
	20B1   :   44;
	20B2   :   44;
	20B3   :   44;
	20B4   :   44;
	20B5   :   44;
	20B6   :   44;
	20B7   :   44;
	20B8   :   44;
	20B9   :   44;
	20BA   :   44;
	20BB   :   44;
	20BC   :   44;
	20BD   :   44;
	20BE   :   44;
	20BF   :   44;
	20C0   :   00;
	20C1   :   00;
	20C2   :   00;
	20C3   :   0E;
	20C4   :   0E;
	20C5   :   0E;
	20C6   :   0E;
	20C7   :   0E;
	20C8   :   0E;
	20C9   :   0E;
	20CA   :   0E;
	20CB   :   0E;
	20CC   :   0E;
	20CD   :   0E;
	20CE   :   0E;
	20CF   :   0E;
	20D0   :   0E;
	20D1   :   00;
	20D2   :   00;
	20D3   :   00;
	20D4   :   1A;
	20D5   :   1A;
	20D6   :   1A;
	20D7   :   1A;
	20D8   :   1A;
	20D9   :   1A;
	20DA   :   1A;
	20DB   :   00;
	20DC   :   00;
	20DD   :   00;
	20DE   :   00;
	20DF   :   00;
	20E0   :   FF;
	20E1   :   FF;
	20E2   :   FF;
	20E3   :   FF;
	20E4   :   FF;
	20E5   :   FF;
	20E6   :   FF;
	20E7   :   FF;
	20E8   :   FF;
	20E9   :   FF;
	20EA   :   FF;
	20EB   :   FF;
	20EC   :   FF;
	20ED   :   FF;
	20EE   :   FF;
	20EF   :   FF;
	20F0   :   FF;
	20F1   :   FF;
	20F2   :   FF;
	20F3   :   FF;
	20F4   :   FF;
	20F5   :   FF;
	20F6   :   FF;
	20F7   :   FF;
	20F8   :   FF;
	20F9   :   FF;
	20FA   :   FF;
	20FB   :   FF;
	20FC   :   FF;
	20FD   :   FF;
	20FE   :   FF;
	20FF   :   FF;
	2100   :   00;
	2101   :   00;
	2102   :   00;
	2103   :   00;
	2104   :   00;
	2105   :   00;
	2106   :   00;
	2107   :   00;
	2108   :   00;
	2109   :   00;
	210A   :   00;
	210B   :   00;
	210C   :   00;
	210D   :   00;
	210E   :   00;
	210F   :   00;
	2110   :   00;
	2111   :   00;
	2112   :   00;
	2113   :   00;
	2114   :   00;
	2115   :   00;
	2116   :   00;
	2117   :   00;
	2118   :   00;
	2119   :   00;
	211A   :   00;
	211B   :   00;
	211C   :   00;
	211D   :   00;
	211E   :   00;
	211F   :   00;
	2120   :   00;
	2121   :   00;
	2122   :   00;
	2123   :   00;
	2124   :   00;
	2125   :   00;
	2126   :   00;
	2127   :   00;
	2128   :   00;
	2129   :   00;
	212A   :   00;
	212B   :   00;
	212C   :   00;
	212D   :   00;
	212E   :   00;
	212F   :   00;
	2130   :   00;
	2131   :   00;
	2132   :   00;
	2133   :   00;
	2134   :   00;
	2135   :   00;
	2136   :   00;
	2137   :   00;
	2138   :   00;
	2139   :   00;
	213A   :   00;
	213B   :   00;
	213C   :   00;
	213D   :   00;
	213E   :   00;
	213F   :   00;
	2140   :   00;
	2141   :   00;
	2142   :   00;
	2143   :   00;
	2144   :   00;
	2145   :   00;
	2146   :   00;
	2147   :   00;
	2148   :   00;
	2149   :   00;
	214A   :   00;
	214B   :   00;
	214C   :   00;
	214D   :   00;
	214E   :   00;
	214F   :   00;
	2150   :   00;
	2151   :   00;
	2152   :   00;
	2153   :   00;
	2154   :   00;
	2155   :   00;
	2156   :   00;
	2157   :   00;
	2158   :   00;
	2159   :   00;
	215A   :   00;
	215B   :   00;
	215C   :   00;
	215D   :   00;
	215E   :   00;
	215F   :   00;
	2160   :   FF;
	2161   :   FF;
	2162   :   FF;
	2163   :   FF;
	2164   :   FF;
	2165   :   FF;
	2166   :   FF;
	2167   :   FF;
	2168   :   FF;
	2169   :   FF;
	216A   :   FF;
	216B   :   FF;
	216C   :   FF;
	216D   :   FF;
	216E   :   FF;
	216F   :   FF;
	2170   :   FF;
	2171   :   FF;
	2172   :   FF;
	2173   :   FF;
	2174   :   FF;
	2175   :   FF;
	2176   :   FF;
	2177   :   FF;
	2178   :   FF;
	2179   :   FF;
	217A   :   FF;
	217B   :   FF;
	217C   :   FF;
	217D   :   FF;
	217E   :   FF;
	217F   :   FF;
	2180   :   00;
	2181   :   00;
	2182   :   00;
	2183   :   00;
	2184   :   00;
	2185   :   00;
	2186   :   00;
	2187   :   00;
	2188   :   00;
	2189   :   00;
	218A   :   00;
	218B   :   00;
	218C   :   00;
	218D   :   00;
	218E   :   00;
	218F   :   00;
	2190   :   00;
	2191   :   00;
	2192   :   00;
	2193   :   00;
	2194   :   00;
	2195   :   00;
	2196   :   00;
	2197   :   00;
	2198   :   00;
	2199   :   00;
	219A   :   00;
	219B   :   00;
	219C   :   00;
	219D   :   00;
	219E   :   00;
	219F   :   00;
	21A0   :   00;
	21A1   :   00;
	21A2   :   00;
	21A3   :   00;
	21A4   :   00;
	21A5   :   01;
	21A6   :   01;
	21A7   :   01;
	21A8   :   01;
	21A9   :   01;
	21AA   :   01;
	21AB   :   03;
	21AC   :   03;
	21AD   :   03;
	21AE   :   03;
	21AF   :   03;
	21B0   :   03;
	21B1   :   07;
	21B2   :   07;
	21B3   :   07;
	21B4   :   07;
	21B5   :   0F;
	21B6   :   1F;
	21B7   :   1F;
	21B8   :   1F;
	21B9   :   1F;
	21BA   :   1F;
	21BB   :   3E;
	21BC   :   3E;
	21BD   :   3E;
	21BE   :   3E;
	21BF   :   7C;
	21C0   :   00;
	21C1   :   00;
	21C2   :   00;
	21C3   :   07;
	21C4   :   07;
	21C5   :   08;
	21C6   :   08;
	21C7   :   00;
	21C8   :   00;
	21C9   :   01;
	21CA   :   01;
	21CB   :   02;
	21CC   :   02;
	21CD   :   04;
	21CE   :   04;
	21CF   :   0F;
	21D0   :   0F;
	21D1   :   00;
	21D2   :   00;
	21D3   :   00;
	21D4   :   00;
	21D5   :   01;
	21D6   :   01;
	21D7   :   01;
	21D8   :   01;
	21D9   :   01;
	21DA   :   01;
	21DB   :   00;
	21DC   :   00;
	21DD   :   00;
	21DE   :   00;
	21DF   :   00;
	21E0   :   FF;
	21E1   :   FF;
	21E2   :   FF;
	21E3   :   FF;
	21E4   :   FF;
	21E5   :   FF;
	21E6   :   FF;
	21E7   :   FF;
	21E8   :   FF;
	21E9   :   FF;
	21EA   :   FF;
	21EB   :   FF;
	21EC   :   FF;
	21ED   :   FF;
	21EE   :   FF;
	21EF   :   FF;
	21F0   :   FF;
	21F1   :   FF;
	21F2   :   FF;
	21F3   :   FF;
	21F4   :   FF;
	21F5   :   FF;
	21F6   :   FF;
	21F7   :   FF;
	21F8   :   FF;
	21F9   :   FF;
	21FA   :   FF;
	21FB   :   FF;
	21FC   :   FF;
	21FD   :   FF;
	21FE   :   FF;
	21FF   :   FF;
	2200   :   00;
	2201   :   00;
	2202   :   DE;
	2203   :   DE;
	2204   :   DE;
	2205   :   DE;
	2206   :   DE;
	2207   :   DE;
	2208   :   DE;
	2209   :   DE;
	220A   :   DE;
	220B   :   DE;
	220C   :   DE;
	220D   :   DE;
	220E   :   DE;
	220F   :   DE;
	2210   :   DE;
	2211   :   DE;
	2212   :   DE;
	2213   :   DE;
	2214   :   DE;
	2215   :   DE;
	2216   :   DE;
	2217   :   DE;
	2218   :   DE;
	2219   :   DE;
	221A   :   DE;
	221B   :   DE;
	221C   :   DE;
	221D   :   CF;
	221E   :   CF;
	221F   :   CF;
	2220   :   CF;
	2221   :   CF;
	2222   :   CF;
	2223   :   CF;
	2224   :   CF;
	2225   :   C7;
	2226   :   C7;
	2227   :   C7;
	2228   :   C7;
	2229   :   C7;
	222A   :   C7;
	222B   :   C3;
	222C   :   C3;
	222D   :   C3;
	222E   :   C3;
	222F   :   C3;
	2230   :   C3;
	2231   :   C1;
	2232   :   C1;
	2233   :   C1;
	2234   :   C1;
	2235   :   C1;
	2236   :   C0;
	2237   :   C0;
	2238   :   C0;
	2239   :   C0;
	223A   :   C0;
	223B   :   C0;
	223C   :   C0;
	223D   :   C0;
	223E   :   C0;
	223F   :   C0;
	2240   :   00;
	2241   :   00;
	2242   :   00;
	2243   :   30;
	2244   :   30;
	2245   :   09;
	2246   :   09;
	2247   :   05;
	2248   :   05;
	2249   :   3C;
	224A   :   3C;
	224B   :   44;
	224C   :   44;
	224D   :   44;
	224E   :   44;
	224F   :   39;
	2250   :   39;
	2251   :   00;
	2252   :   00;
	2253   :   00;
	2254   :   E7;
	2255   :   28;
	2256   :   28;
	2257   :   EF;
	2258   :   28;
	2259   :   28;
	225A   :   28;
	225B   :   00;
	225C   :   00;
	225D   :   00;
	225E   :   00;
	225F   :   00;
	2260   :   FF;
	2261   :   FF;
	2262   :   FF;
	2263   :   FF;
	2264   :   FF;
	2265   :   FF;
	2266   :   FF;
	2267   :   FF;
	2268   :   FF;
	2269   :   FF;
	226A   :   FF;
	226B   :   FF;
	226C   :   FF;
	226D   :   FF;
	226E   :   FF;
	226F   :   FF;
	2270   :   FF;
	2271   :   FF;
	2272   :   FF;
	2273   :   FF;
	2274   :   FF;
	2275   :   FF;
	2276   :   FF;
	2277   :   FF;
	2278   :   FF;
	2279   :   FF;
	227A   :   FF;
	227B   :   FF;
	227C   :   FF;
	227D   :   FF;
	227E   :   FF;
	227F   :   FF;
	2280   :   00;
	2281   :   00;
	2282   :   B0;
	2283   :   B0;
	2284   :   B0;
	2285   :   B0;
	2286   :   B0;
	2287   :   B0;
	2288   :   B0;
	2289   :   B0;
	228A   :   B0;
	228B   :   B0;
	228C   :   B0;
	228D   :   B0;
	228E   :   B0;
	228F   :   B0;
	2290   :   B0;
	2291   :   B0;
	2292   :   B0;
	2293   :   B0;
	2294   :   B0;
	2295   :   B0;
	2296   :   B0;
	2297   :   B0;
	2298   :   B0;
	2299   :   B0;
	229A   :   B0;
	229B   :   B0;
	229C   :   B0;
	229D   :   30;
	229E   :   30;
	229F   :   30;
	22A0   :   30;
	22A1   :   30;
	22A2   :   30;
	22A3   :   30;
	22A4   :   30;
	22A5   :   30;
	22A6   :   30;
	22A7   :   30;
	22A8   :   30;
	22A9   :   30;
	22AA   :   30;
	22AB   :   30;
	22AC   :   30;
	22AD   :   30;
	22AE   :   30;
	22AF   :   30;
	22B0   :   30;
	22B1   :   30;
	22B2   :   30;
	22B3   :   30;
	22B4   :   30;
	22B5   :   30;
	22B6   :   30;
	22B7   :   30;
	22B8   :   30;
	22B9   :   30;
	22BA   :   30;
	22BB   :   30;
	22BC   :   30;
	22BD   :   30;
	22BE   :   30;
	22BF   :   30;
	22C0   :   00;
	22C1   :   00;
	22C2   :   00;
	22C3   :   E0;
	22C4   :   E0;
	22C5   :   10;
	22C6   :   10;
	22C7   :   90;
	22C8   :   90;
	22C9   :   50;
	22CA   :   50;
	22CB   :   30;
	22CC   :   30;
	22CD   :   10;
	22CE   :   10;
	22CF   :   E0;
	22D0   :   E0;
	22D1   :   00;
	22D2   :   00;
	22D3   :   00;
	22D4   :   90;
	22D5   :   A0;
	22D6   :   A0;
	22D7   :   90;
	22D8   :   90;
	22D9   :   A0;
	22DA   :   A0;
	22DB   :   00;
	22DC   :   00;
	22DD   :   00;
	22DE   :   00;
	22DF   :   00;
	22E0   :   FF;
	22E1   :   FF;
	22E2   :   FF;
	22E3   :   FF;
	22E4   :   FF;
	22E5   :   FF;
	22E6   :   FF;
	22E7   :   FF;
	22E8   :   FF;
	22E9   :   FF;
	22EA   :   FF;
	22EB   :   FF;
	22EC   :   FF;
	22ED   :   FF;
	22EE   :   FF;
	22EF   :   FF;
	22F0   :   FF;
	22F1   :   FF;
	22F2   :   FF;
	22F3   :   FF;
	22F4   :   FF;
	22F5   :   FF;
	22F6   :   FF;
	22F7   :   FF;
	22F8   :   FF;
	22F9   :   FF;
	22FA   :   FF;
	22FB   :   FF;
	22FC   :   FF;
	22FD   :   FF;
	22FE   :   FF;
	22FF   :   FF;
	2300   :   00;
	2301   :   00;
	2302   :   E0;
	2303   :   E0;
	2304   :   E0;
	2305   :   E0;
	2306   :   E0;
	2307   :   E0;
	2308   :   E0;
	2309   :   E0;
	230A   :   E0;
	230B   :   E0;
	230C   :   E0;
	230D   :   E0;
	230E   :   E0;
	230F   :   E0;
	2310   :   E0;
	2311   :   E0;
	2312   :   E0;
	2313   :   E0;
	2314   :   E0;
	2315   :   E0;
	2316   :   E0;
	2317   :   E0;
	2318   :   E0;
	2319   :   E0;
	231A   :   E0;
	231B   :   E0;
	231C   :   E0;
	231D   :   F0;
	231E   :   F0;
	231F   :   F0;
	2320   :   F0;
	2321   :   F0;
	2322   :   F0;
	2323   :   F0;
	2324   :   F0;
	2325   :   78;
	2326   :   78;
	2327   :   78;
	2328   :   78;
	2329   :   78;
	232A   :   78;
	232B   :   3C;
	232C   :   3C;
	232D   :   3C;
	232E   :   3C;
	232F   :   3C;
	2330   :   3C;
	2331   :   1E;
	2332   :   1E;
	2333   :   1E;
	2334   :   1E;
	2335   :   1F;
	2336   :   0F;
	2337   :   0F;
	2338   :   0F;
	2339   :   0F;
	233A   :   0F;
	233B   :   07;
	233C   :   07;
	233D   :   07;
	233E   :   07;
	233F   :   03;
	2340   :   00;
	2341   :   00;
	2342   :   00;
	2343   :   1C;
	2344   :   1C;
	2345   :   A2;
	2346   :   A2;
	2347   :   A6;
	2348   :   A6;
	2349   :   AA;
	234A   :   AA;
	234B   :   B2;
	234C   :   B2;
	234D   :   A2;
	234E   :   A2;
	234F   :   1C;
	2350   :   1C;
	2351   :   00;
	2352   :   00;
	2353   :   00;
	2354   :   10;
	2355   :   B0;
	2356   :   50;
	2357   :   50;
	2358   :   10;
	2359   :   10;
	235A   :   10;
	235B   :   00;
	235C   :   00;
	235D   :   00;
	235E   :   00;
	235F   :   00;
	2360   :   FF;
	2361   :   FF;
	2362   :   FF;
	2363   :   FF;
	2364   :   FF;
	2365   :   FF;
	2366   :   FF;
	2367   :   FF;
	2368   :   FF;
	2369   :   FF;
	236A   :   FF;
	236B   :   FF;
	236C   :   FF;
	236D   :   FF;
	236E   :   FF;
	236F   :   FF;
	2370   :   FF;
	2371   :   FF;
	2372   :   FF;
	2373   :   FF;
	2374   :   FF;
	2375   :   FF;
	2376   :   FF;
	2377   :   FF;
	2378   :   FF;
	2379   :   FF;
	237A   :   FF;
	237B   :   FF;
	237C   :   FF;
	237D   :   FF;
	237E   :   FF;
	237F   :   FF;
	2380   :   00;
	2381   :   00;
	2382   :   00;
	2383   :   00;
	2384   :   00;
	2385   :   00;
	2386   :   00;
	2387   :   00;
	2388   :   00;
	2389   :   00;
	238A   :   00;
	238B   :   00;
	238C   :   00;
	238D   :   00;
	238E   :   00;
	238F   :   00;
	2390   :   00;
	2391   :   00;
	2392   :   00;
	2393   :   00;
	2394   :   00;
	2395   :   00;
	2396   :   00;
	2397   :   00;
	2398   :   00;
	2399   :   00;
	239A   :   00;
	239B   :   00;
	239C   :   00;
	239D   :   00;
	239E   :   00;
	239F   :   00;
	23A0   :   00;
	23A1   :   00;
	23A2   :   00;
	23A3   :   00;
	23A4   :   00;
	23A5   :   00;
	23A6   :   00;
	23A7   :   00;
	23A8   :   00;
	23A9   :   00;
	23AA   :   00;
	23AB   :   00;
	23AC   :   00;
	23AD   :   00;
	23AE   :   00;
	23AF   :   00;
	23B0   :   00;
	23B1   :   00;
	23B2   :   00;
	23B3   :   00;
	23B4   :   00;
	23B5   :   00;
	23B6   :   01;
	23B7   :   01;
	23B8   :   01;
	23B9   :   01;
	23BA   :   01;
	23BB   :   03;
	23BC   :   03;
	23BD   :   03;
	23BE   :   03;
	23BF   :   07;
	23C0   :   00;
	23C1   :   00;
	23C2   :   00;
	23C3   :   00;
	23C4   :   00;
	23C5   :   00;
	23C6   :   00;
	23C7   :   00;
	23C8   :   00;
	23C9   :   00;
	23CA   :   00;
	23CB   :   00;
	23CC   :   00;
	23CD   :   00;
	23CE   :   00;
	23CF   :   00;
	23D0   :   00;
	23D1   :   00;
	23D2   :   00;
	23D3   :   00;
	23D4   :   00;
	23D5   :   00;
	23D6   :   00;
	23D7   :   00;
	23D8   :   00;
	23D9   :   00;
	23DA   :   00;
	23DB   :   00;
	23DC   :   00;
	23DD   :   00;
	23DE   :   00;
	23DF   :   00;
	23E0   :   FF;
	23E1   :   FF;
	23E2   :   FF;
	23E3   :   FF;
	23E4   :   FF;
	23E5   :   FF;
	23E6   :   FF;
	23E7   :   FF;
	23E8   :   FF;
	23E9   :   FF;
	23EA   :   FF;
	23EB   :   FF;
	23EC   :   FF;
	23ED   :   FF;
	23EE   :   FF;
	23EF   :   FF;
	23F0   :   FF;
	23F1   :   FF;
	23F2   :   FF;
	23F3   :   FF;
	23F4   :   FF;
	23F5   :   FF;
	23F6   :   FF;
	23F7   :   FF;
	23F8   :   FF;
	23F9   :   FF;
	23FA   :   FF;
	23FB   :   FF;
	23FC   :   FF;
	23FD   :   FF;
	23FE   :   FF;
	23FF   :   FF;
	2400   :   FF;
	2401   :   FF;
	2402   :   FF;
	2403   :   FF;
	2404   :   FF;
	2405   :   FF;
	2406   :   FF;
	2407   :   FF;
	2408   :   FF;
	2409   :   FF;
	240A   :   FF;
	240B   :   FF;
	240C   :   FF;
	240D   :   FF;
	240E   :   FF;
	240F   :   FF;
	2410   :   FF;
	2411   :   FF;
	2412   :   FF;
	2413   :   FF;
	2414   :   FF;
	2415   :   FF;
	2416   :   FF;
	2417   :   FF;
	2418   :   FF;
	2419   :   FF;
	241A   :   FF;
	241B   :   FF;
	241C   :   FF;
	241D   :   FF;
	241E   :   FF;
	241F   :   FF;
	2420   :   FF;
	2421   :   FF;
	2422   :   FF;
	2423   :   FF;
	2424   :   FF;
	2425   :   FF;
	2426   :   FF;
	2427   :   FF;
	2428   :   FF;
	2429   :   FF;
	242A   :   FF;
	242B   :   FF;
	242C   :   FF;
	242D   :   FF;
	242E   :   FF;
	242F   :   FF;
	2430   :   FF;
	2431   :   FF;
	2432   :   FF;
	2433   :   FF;
	2434   :   FF;
	2435   :   FF;
	2436   :   FF;
	2437   :   FF;
	2438   :   FF;
	2439   :   FF;
	243A   :   FF;
	243B   :   FF;
	243C   :   FF;
	243D   :   FF;
	243E   :   FF;
	243F   :   FF;
	2440   :   FF;
	2441   :   FF;
	2442   :   FF;
	2443   :   FF;
	2444   :   FF;
	2445   :   FF;
	2446   :   FF;
	2447   :   FF;
	2448   :   FF;
	2449   :   FF;
	244A   :   FF;
	244B   :   FF;
	244C   :   FF;
	244D   :   FF;
	244E   :   FF;
	244F   :   FF;
	2450   :   FF;
	2451   :   FF;
	2452   :   FF;
	2453   :   FF;
	2454   :   FF;
	2455   :   FF;
	2456   :   FF;
	2457   :   FF;
	2458   :   FF;
	2459   :   FF;
	245A   :   FF;
	245B   :   FF;
	245C   :   FF;
	245D   :   FF;
	245E   :   FF;
	245F   :   FF;
	2460   :   FF;
	2461   :   FF;
	2462   :   FF;
	2463   :   FF;
	2464   :   FF;
	2465   :   FF;
	2466   :   FF;
	2467   :   FF;
	2468   :   FF;
	2469   :   FF;
	246A   :   FF;
	246B   :   FF;
	246C   :   FF;
	246D   :   FF;
	246E   :   FF;
	246F   :   FF;
	2470   :   FF;
	2471   :   FF;
	2472   :   FF;
	2473   :   FF;
	2474   :   FF;
	2475   :   FF;
	2476   :   FF;
	2477   :   FF;
	2478   :   FF;
	2479   :   FF;
	247A   :   FF;
	247B   :   FF;
	247C   :   FF;
	247D   :   FF;
	247E   :   FF;
	247F   :   FF;
	2480   :   FF;
	2481   :   FF;
	2482   :   FF;
	2483   :   FF;
	2484   :   FF;
	2485   :   FF;
	2486   :   FF;
	2487   :   FF;
	2488   :   FF;
	2489   :   FF;
	248A   :   FF;
	248B   :   FF;
	248C   :   FF;
	248D   :   FF;
	248E   :   FF;
	248F   :   FF;
	2490   :   FF;
	2491   :   FF;
	2492   :   FF;
	2493   :   FF;
	2494   :   FF;
	2495   :   FF;
	2496   :   FF;
	2497   :   FF;
	2498   :   FF;
	2499   :   FF;
	249A   :   FF;
	249B   :   FF;
	249C   :   FF;
	249D   :   FF;
	249E   :   FF;
	249F   :   FF;
	24A0   :   FF;
	24A1   :   FF;
	24A2   :   FF;
	24A3   :   FF;
	24A4   :   FF;
	24A5   :   FF;
	24A6   :   FF;
	24A7   :   FF;
	24A8   :   FF;
	24A9   :   FF;
	24AA   :   FF;
	24AB   :   FF;
	24AC   :   FF;
	24AD   :   FF;
	24AE   :   FF;
	24AF   :   FF;
	24B0   :   FF;
	24B1   :   FF;
	24B2   :   FF;
	24B3   :   FF;
	24B4   :   FF;
	24B5   :   FF;
	24B6   :   FF;
	24B7   :   FF;
	24B8   :   FF;
	24B9   :   FF;
	24BA   :   FF;
	24BB   :   FF;
	24BC   :   FF;
	24BD   :   FF;
	24BE   :   FF;
	24BF   :   FF;
	24C0   :   FF;
	24C1   :   FF;
	24C2   :   FF;
	24C3   :   FF;
	24C4   :   FF;
	24C5   :   FF;
	24C6   :   FF;
	24C7   :   FF;
	24C8   :   FF;
	24C9   :   FF;
	24CA   :   FF;
	24CB   :   FF;
	24CC   :   FF;
	24CD   :   FF;
	24CE   :   FF;
	24CF   :   FF;
	24D0   :   FF;
	24D1   :   FF;
	24D2   :   FF;
	24D3   :   FF;
	24D4   :   FF;
	24D5   :   FF;
	24D6   :   FF;
	24D7   :   FF;
	24D8   :   FF;
	24D9   :   FF;
	24DA   :   FF;
	24DB   :   FF;
	24DC   :   FF;
	24DD   :   FF;
	24DE   :   FF;
	24DF   :   FF;
	24E0   :   FF;
	24E1   :   FF;
	24E2   :   FF;
	24E3   :   FF;
	24E4   :   FF;
	24E5   :   FF;
	24E6   :   FF;
	24E7   :   FF;
	24E8   :   FF;
	24E9   :   FF;
	24EA   :   FF;
	24EB   :   FF;
	24EC   :   FF;
	24ED   :   FF;
	24EE   :   FF;
	24EF   :   FF;
	24F0   :   FF;
	24F1   :   FF;
	24F2   :   FF;
	24F3   :   FF;
	24F4   :   FF;
	24F5   :   FF;
	24F6   :   FF;
	24F7   :   FF;
	24F8   :   FF;
	24F9   :   FF;
	24FA   :   FF;
	24FB   :   FF;
	24FC   :   FF;
	24FD   :   FF;
	24FE   :   FF;
	24FF   :   FF;
	2500   :   FF;
	2501   :   FF;
	2502   :   FF;
	2503   :   FF;
	2504   :   FF;
	2505   :   FF;
	2506   :   FF;
	2507   :   FF;
	2508   :   FF;
	2509   :   FF;
	250A   :   FF;
	250B   :   FF;
	250C   :   FF;
	250D   :   FF;
	250E   :   FF;
	250F   :   FF;
	2510   :   FF;
	2511   :   FF;
	2512   :   FF;
	2513   :   FF;
	2514   :   FF;
	2515   :   FF;
	2516   :   FF;
	2517   :   FF;
	2518   :   FF;
	2519   :   FF;
	251A   :   FF;
	251B   :   FF;
	251C   :   FF;
	251D   :   FF;
	251E   :   FF;
	251F   :   FF;
	2520   :   FF;
	2521   :   FF;
	2522   :   FF;
	2523   :   FF;
	2524   :   FF;
	2525   :   FF;
	2526   :   FF;
	2527   :   FF;
	2528   :   FF;
	2529   :   FF;
	252A   :   FF;
	252B   :   FF;
	252C   :   FF;
	252D   :   FF;
	252E   :   FF;
	252F   :   FF;
	2530   :   FF;
	2531   :   FF;
	2532   :   FF;
	2533   :   FF;
	2534   :   FF;
	2535   :   FF;
	2536   :   FF;
	2537   :   FF;
	2538   :   FF;
	2539   :   FF;
	253A   :   FF;
	253B   :   FF;
	253C   :   FF;
	253D   :   FF;
	253E   :   FF;
	253F   :   FF;
	2540   :   FF;
	2541   :   FF;
	2542   :   FF;
	2543   :   FF;
	2544   :   FF;
	2545   :   FF;
	2546   :   FF;
	2547   :   FF;
	2548   :   FF;
	2549   :   FF;
	254A   :   FF;
	254B   :   FF;
	254C   :   FF;
	254D   :   FF;
	254E   :   FF;
	254F   :   FF;
	2550   :   FF;
	2551   :   FF;
	2552   :   FF;
	2553   :   FF;
	2554   :   FF;
	2555   :   FF;
	2556   :   FF;
	2557   :   FF;
	2558   :   FF;
	2559   :   FF;
	255A   :   FF;
	255B   :   FF;
	255C   :   FF;
	255D   :   FF;
	255E   :   FF;
	255F   :   FF;
	2560   :   FF;
	2561   :   FF;
	2562   :   FF;
	2563   :   FF;
	2564   :   FF;
	2565   :   FF;
	2566   :   FF;
	2567   :   FF;
	2568   :   FF;
	2569   :   FF;
	256A   :   FF;
	256B   :   FF;
	256C   :   FF;
	256D   :   FF;
	256E   :   FF;
	256F   :   FF;
	2570   :   FF;
	2571   :   FF;
	2572   :   FF;
	2573   :   FF;
	2574   :   FF;
	2575   :   FF;
	2576   :   FF;
	2577   :   FF;
	2578   :   FF;
	2579   :   FF;
	257A   :   FF;
	257B   :   FF;
	257C   :   FF;
	257D   :   FF;
	257E   :   FF;
	257F   :   FF;
	2580   :   FF;
	2581   :   FF;
	2582   :   FF;
	2583   :   FF;
	2584   :   FF;
	2585   :   FF;
	2586   :   FF;
	2587   :   FF;
	2588   :   FF;
	2589   :   FF;
	258A   :   FF;
	258B   :   FF;
	258C   :   FF;
	258D   :   FF;
	258E   :   FF;
	258F   :   FF;
	2590   :   FF;
	2591   :   FF;
	2592   :   FF;
	2593   :   FF;
	2594   :   FF;
	2595   :   FF;
	2596   :   FF;
	2597   :   FF;
	2598   :   FF;
	2599   :   FF;
	259A   :   FF;
	259B   :   FF;
	259C   :   FF;
	259D   :   FF;
	259E   :   FF;
	259F   :   FF;
	25A0   :   FF;
	25A1   :   FF;
	25A2   :   FF;
	25A3   :   FF;
	25A4   :   FF;
	25A5   :   FF;
	25A6   :   FF;
	25A7   :   FF;
	25A8   :   FF;
	25A9   :   FF;
	25AA   :   FF;
	25AB   :   FF;
	25AC   :   FF;
	25AD   :   FF;
	25AE   :   FF;
	25AF   :   FF;
	25B0   :   FF;
	25B1   :   FF;
	25B2   :   FF;
	25B3   :   FF;
	25B4   :   FF;
	25B5   :   FF;
	25B6   :   FF;
	25B7   :   FF;
	25B8   :   FF;
	25B9   :   FF;
	25BA   :   FF;
	25BB   :   FF;
	25BC   :   FF;
	25BD   :   FF;
	25BE   :   FF;
	25BF   :   FF;
	25C0   :   FF;
	25C1   :   FF;
	25C2   :   FF;
	25C3   :   FF;
	25C4   :   FF;
	25C5   :   FF;
	25C6   :   FF;
	25C7   :   FF;
	25C8   :   FF;
	25C9   :   FF;
	25CA   :   FF;
	25CB   :   FF;
	25CC   :   FF;
	25CD   :   FF;
	25CE   :   FF;
	25CF   :   FF;
	25D0   :   FF;
	25D1   :   FF;
	25D2   :   FF;
	25D3   :   FF;
	25D4   :   FF;
	25D5   :   FF;
	25D6   :   FF;
	25D7   :   FF;
	25D8   :   FF;
	25D9   :   FF;
	25DA   :   FF;
	25DB   :   FF;
	25DC   :   FF;
	25DD   :   FF;
	25DE   :   FF;
	25DF   :   FF;
	25E0   :   FF;
	25E1   :   FF;
	25E2   :   FF;
	25E3   :   FF;
	25E4   :   FF;
	25E5   :   FF;
	25E6   :   FF;
	25E7   :   FF;
	25E8   :   FF;
	25E9   :   FF;
	25EA   :   FF;
	25EB   :   FF;
	25EC   :   FF;
	25ED   :   FF;
	25EE   :   FF;
	25EF   :   FF;
	25F0   :   FF;
	25F1   :   FF;
	25F2   :   FF;
	25F3   :   FF;
	25F4   :   FF;
	25F5   :   FF;
	25F6   :   FF;
	25F7   :   FF;
	25F8   :   FF;
	25F9   :   FF;
	25FA   :   FF;
	25FB   :   FF;
	25FC   :   FF;
	25FD   :   FF;
	25FE   :   FF;
	25FF   :   FF;
	2600   :   FF;
	2601   :   FF;
	2602   :   FF;
	2603   :   FF;
	2604   :   FF;
	2605   :   FF;
	2606   :   FF;
	2607   :   FF;
	2608   :   FF;
	2609   :   FF;
	260A   :   FF;
	260B   :   FF;
	260C   :   FF;
	260D   :   FF;
	260E   :   FF;
	260F   :   FF;
	2610   :   FF;
	2611   :   FF;
	2612   :   FF;
	2613   :   FF;
	2614   :   FF;
	2615   :   FF;
	2616   :   FF;
	2617   :   FF;
	2618   :   FF;
	2619   :   FF;
	261A   :   FF;
	261B   :   FF;
	261C   :   FF;
	261D   :   FF;
	261E   :   FF;
	261F   :   FF;
	2620   :   FF;
	2621   :   FF;
	2622   :   FF;
	2623   :   FF;
	2624   :   FF;
	2625   :   FF;
	2626   :   FF;
	2627   :   FF;
	2628   :   FF;
	2629   :   FF;
	262A   :   FF;
	262B   :   FF;
	262C   :   FF;
	262D   :   FF;
	262E   :   FF;
	262F   :   FF;
	2630   :   FF;
	2631   :   FF;
	2632   :   FF;
	2633   :   FF;
	2634   :   FF;
	2635   :   FF;
	2636   :   FF;
	2637   :   FF;
	2638   :   FF;
	2639   :   FF;
	263A   :   FF;
	263B   :   FF;
	263C   :   FF;
	263D   :   FF;
	263E   :   FF;
	263F   :   FF;
	2640   :   FF;
	2641   :   FF;
	2642   :   FF;
	2643   :   FF;
	2644   :   FF;
	2645   :   FF;
	2646   :   FF;
	2647   :   FF;
	2648   :   FF;
	2649   :   FF;
	264A   :   FF;
	264B   :   FF;
	264C   :   FF;
	264D   :   FF;
	264E   :   FF;
	264F   :   FF;
	2650   :   FF;
	2651   :   FF;
	2652   :   FF;
	2653   :   FF;
	2654   :   FF;
	2655   :   FF;
	2656   :   FF;
	2657   :   FF;
	2658   :   FF;
	2659   :   FF;
	265A   :   FF;
	265B   :   FF;
	265C   :   FF;
	265D   :   FF;
	265E   :   FF;
	265F   :   FF;
	2660   :   FF;
	2661   :   FF;
	2662   :   FF;
	2663   :   FF;
	2664   :   FF;
	2665   :   FF;
	2666   :   FF;
	2667   :   FF;
	2668   :   FF;
	2669   :   FF;
	266A   :   FF;
	266B   :   FF;
	266C   :   FF;
	266D   :   FF;
	266E   :   FF;
	266F   :   FF;
	2670   :   FF;
	2671   :   FF;
	2672   :   FF;
	2673   :   FF;
	2674   :   FF;
	2675   :   FF;
	2676   :   FF;
	2677   :   FF;
	2678   :   FF;
	2679   :   FF;
	267A   :   FF;
	267B   :   FF;
	267C   :   FF;
	267D   :   FF;
	267E   :   FF;
	267F   :   FF;
	2680   :   FF;
	2681   :   FF;
	2682   :   FF;
	2683   :   FF;
	2684   :   FF;
	2685   :   FF;
	2686   :   FF;
	2687   :   FF;
	2688   :   FF;
	2689   :   FF;
	268A   :   FF;
	268B   :   FF;
	268C   :   FF;
	268D   :   FF;
	268E   :   FF;
	268F   :   FF;
	2690   :   FF;
	2691   :   FF;
	2692   :   FF;
	2693   :   FF;
	2694   :   FF;
	2695   :   FF;
	2696   :   FF;
	2697   :   FF;
	2698   :   FF;
	2699   :   FF;
	269A   :   FF;
	269B   :   FF;
	269C   :   FF;
	269D   :   FF;
	269E   :   FF;
	269F   :   FF;
	26A0   :   FF;
	26A1   :   FF;
	26A2   :   FF;
	26A3   :   FF;
	26A4   :   FF;
	26A5   :   FF;
	26A6   :   FF;
	26A7   :   FF;
	26A8   :   FF;
	26A9   :   FF;
	26AA   :   FF;
	26AB   :   FF;
	26AC   :   FF;
	26AD   :   FF;
	26AE   :   FF;
	26AF   :   FF;
	26B0   :   FF;
	26B1   :   FF;
	26B2   :   FF;
	26B3   :   FF;
	26B4   :   FF;
	26B5   :   FF;
	26B6   :   FF;
	26B7   :   FF;
	26B8   :   FF;
	26B9   :   FF;
	26BA   :   FF;
	26BB   :   FF;
	26BC   :   FF;
	26BD   :   FF;
	26BE   :   FF;
	26BF   :   FF;
	26C0   :   FF;
	26C1   :   FF;
	26C2   :   FF;
	26C3   :   FF;
	26C4   :   FF;
	26C5   :   FF;
	26C6   :   FF;
	26C7   :   FF;
	26C8   :   FF;
	26C9   :   FF;
	26CA   :   FF;
	26CB   :   FF;
	26CC   :   FF;
	26CD   :   FF;
	26CE   :   FF;
	26CF   :   FF;
	26D0   :   FF;
	26D1   :   FF;
	26D2   :   FF;
	26D3   :   FF;
	26D4   :   FF;
	26D5   :   FF;
	26D6   :   FF;
	26D7   :   FF;
	26D8   :   FF;
	26D9   :   FF;
	26DA   :   FF;
	26DB   :   FF;
	26DC   :   FF;
	26DD   :   FF;
	26DE   :   FF;
	26DF   :   FF;
	26E0   :   FF;
	26E1   :   FF;
	26E2   :   FF;
	26E3   :   FF;
	26E4   :   FF;
	26E5   :   FF;
	26E6   :   FF;
	26E7   :   FF;
	26E8   :   FF;
	26E9   :   FF;
	26EA   :   FF;
	26EB   :   FF;
	26EC   :   FF;
	26ED   :   FF;
	26EE   :   FF;
	26EF   :   FF;
	26F0   :   FF;
	26F1   :   FF;
	26F2   :   FF;
	26F3   :   FF;
	26F4   :   FF;
	26F5   :   FF;
	26F6   :   FF;
	26F7   :   FF;
	26F8   :   FF;
	26F9   :   FF;
	26FA   :   FF;
	26FB   :   FF;
	26FC   :   FF;
	26FD   :   FF;
	26FE   :   FF;
	26FF   :   FF;
	2700   :   FF;
	2701   :   FF;
	2702   :   FF;
	2703   :   FF;
	2704   :   FF;
	2705   :   FF;
	2706   :   FF;
	2707   :   FF;
	2708   :   FF;
	2709   :   FF;
	270A   :   FF;
	270B   :   FF;
	270C   :   FF;
	270D   :   FF;
	270E   :   FF;
	270F   :   FF;
	2710   :   FF;
	2711   :   FF;
	2712   :   FF;
	2713   :   FF;
	2714   :   FF;
	2715   :   FF;
	2716   :   FF;
	2717   :   FF;
	2718   :   FF;
	2719   :   FF;
	271A   :   FF;
	271B   :   FF;
	271C   :   FF;
	271D   :   FF;
	271E   :   FF;
	271F   :   FF;
	2720   :   FF;
	2721   :   FF;
	2722   :   FF;
	2723   :   FF;
	2724   :   FF;
	2725   :   FF;
	2726   :   FF;
	2727   :   FF;
	2728   :   FF;
	2729   :   FF;
	272A   :   FF;
	272B   :   FF;
	272C   :   FF;
	272D   :   FF;
	272E   :   FF;
	272F   :   FF;
	2730   :   FF;
	2731   :   FF;
	2732   :   FF;
	2733   :   FF;
	2734   :   FF;
	2735   :   FF;
	2736   :   FF;
	2737   :   FF;
	2738   :   FF;
	2739   :   FF;
	273A   :   FF;
	273B   :   FF;
	273C   :   FF;
	273D   :   FF;
	273E   :   FF;
	273F   :   FF;
	2740   :   FF;
	2741   :   FF;
	2742   :   FF;
	2743   :   FF;
	2744   :   FF;
	2745   :   FF;
	2746   :   FF;
	2747   :   FF;
	2748   :   FF;
	2749   :   FF;
	274A   :   FF;
	274B   :   FF;
	274C   :   FF;
	274D   :   FF;
	274E   :   FF;
	274F   :   FF;
	2750   :   FF;
	2751   :   FF;
	2752   :   FF;
	2753   :   FF;
	2754   :   FF;
	2755   :   FF;
	2756   :   FF;
	2757   :   FF;
	2758   :   FF;
	2759   :   FF;
	275A   :   FF;
	275B   :   FF;
	275C   :   FF;
	275D   :   FF;
	275E   :   FF;
	275F   :   FF;
	2760   :   FF;
	2761   :   FF;
	2762   :   FF;
	2763   :   FF;
	2764   :   FF;
	2765   :   FF;
	2766   :   FF;
	2767   :   FF;
	2768   :   FF;
	2769   :   FF;
	276A   :   FF;
	276B   :   FF;
	276C   :   FF;
	276D   :   FF;
	276E   :   FF;
	276F   :   FF;
	2770   :   FF;
	2771   :   FF;
	2772   :   FF;
	2773   :   FF;
	2774   :   FF;
	2775   :   FF;
	2776   :   FF;
	2777   :   FF;
	2778   :   FF;
	2779   :   FF;
	277A   :   FF;
	277B   :   FF;
	277C   :   FF;
	277D   :   FF;
	277E   :   FF;
	277F   :   FF;
	2780   :   FF;
	2781   :   FF;
	2782   :   FF;
	2783   :   FF;
	2784   :   FF;
	2785   :   FF;
	2786   :   FF;
	2787   :   FF;
	2788   :   FF;
	2789   :   FF;
	278A   :   FF;
	278B   :   FF;
	278C   :   FF;
	278D   :   FF;
	278E   :   FF;
	278F   :   FF;
	2790   :   FF;
	2791   :   FF;
	2792   :   FF;
	2793   :   FF;
	2794   :   FF;
	2795   :   FF;
	2796   :   FF;
	2797   :   FF;
	2798   :   FF;
	2799   :   FF;
	279A   :   FF;
	279B   :   FF;
	279C   :   FF;
	279D   :   FF;
	279E   :   FF;
	279F   :   FF;
	27A0   :   FF;
	27A1   :   FF;
	27A2   :   FF;
	27A3   :   FF;
	27A4   :   FF;
	27A5   :   FF;
	27A6   :   FF;
	27A7   :   FF;
	27A8   :   FF;
	27A9   :   FF;
	27AA   :   FF;
	27AB   :   FF;
	27AC   :   FF;
	27AD   :   FF;
	27AE   :   FF;
	27AF   :   FF;
	27B0   :   FF;
	27B1   :   FF;
	27B2   :   FF;
	27B3   :   FF;
	27B4   :   FF;
	27B5   :   FF;
	27B6   :   FF;
	27B7   :   FF;
	27B8   :   FF;
	27B9   :   FF;
	27BA   :   FF;
	27BB   :   FF;
	27BC   :   FF;
	27BD   :   FF;
	27BE   :   FF;
	27BF   :   FF;
	27C0   :   FF;
	27C1   :   FF;
	27C2   :   FF;
	27C3   :   FF;
	27C4   :   FF;
	27C5   :   FF;
	27C6   :   FF;
	27C7   :   FF;
	27C8   :   FF;
	27C9   :   FF;
	27CA   :   FF;
	27CB   :   FF;
	27CC   :   FF;
	27CD   :   FF;
	27CE   :   FF;
	27CF   :   FF;
	27D0   :   FF;
	27D1   :   FF;
	27D2   :   FF;
	27D3   :   FF;
	27D4   :   FF;
	27D5   :   FF;
	27D6   :   FF;
	27D7   :   FF;
	27D8   :   FF;
	27D9   :   FF;
	27DA   :   FF;
	27DB   :   FF;
	27DC   :   FF;
	27DD   :   FF;
	27DE   :   FF;
	27DF   :   FF;
	27E0   :   FF;
	27E1   :   FF;
	27E2   :   FF;
	27E3   :   FF;
	27E4   :   FF;
	27E5   :   FF;
	27E6   :   FF;
	27E7   :   FF;
	27E8   :   FF;
	27E9   :   FF;
	27EA   :   FF;
	27EB   :   FF;
	27EC   :   FF;
	27ED   :   FF;
	27EE   :   FF;
	27EF   :   FF;
	27F0   :   FF;
	27F1   :   FF;
	27F2   :   FF;
	27F3   :   FF;
	27F4   :   FF;
	27F5   :   FF;
	27F6   :   FF;
	27F7   :   FF;
	27F8   :   FF;
	27F9   :   FF;
	27FA   :   FF;
	27FB   :   FF;
	27FC   :   FF;
	27FD   :   FF;
	27FE   :   FF;
	27FF   :   FF;
	2800   :   FF;
	2801   :   FF;
	2802   :   FF;
	2803   :   FF;
	2804   :   FF;
	2805   :   FF;
	2806   :   FF;
	2807   :   FF;
	2808   :   FF;
	2809   :   FF;
	280A   :   FF;
	280B   :   FF;
	280C   :   FF;
	280D   :   FF;
	280E   :   FF;
	280F   :   FF;
	2810   :   FF;
	2811   :   FF;
	2812   :   FF;
	2813   :   FF;
	2814   :   FF;
	2815   :   FF;
	2816   :   FF;
	2817   :   FF;
	2818   :   FF;
	2819   :   FF;
	281A   :   FF;
	281B   :   FF;
	281C   :   FF;
	281D   :   FF;
	281E   :   FF;
	281F   :   FF;
	2820   :   FF;
	2821   :   FF;
	2822   :   FF;
	2823   :   FF;
	2824   :   FF;
	2825   :   FF;
	2826   :   FF;
	2827   :   FF;
	2828   :   FF;
	2829   :   FF;
	282A   :   FF;
	282B   :   FF;
	282C   :   FF;
	282D   :   FF;
	282E   :   FF;
	282F   :   FF;
	2830   :   FF;
	2831   :   FF;
	2832   :   FF;
	2833   :   FF;
	2834   :   FF;
	2835   :   FF;
	2836   :   FF;
	2837   :   FF;
	2838   :   FF;
	2839   :   FF;
	283A   :   FF;
	283B   :   FF;
	283C   :   FF;
	283D   :   FF;
	283E   :   FF;
	283F   :   FF;
	2840   :   FF;
	2841   :   FF;
	2842   :   FF;
	2843   :   FF;
	2844   :   FF;
	2845   :   FF;
	2846   :   FF;
	2847   :   FF;
	2848   :   FF;
	2849   :   FF;
	284A   :   FF;
	284B   :   FF;
	284C   :   FF;
	284D   :   FF;
	284E   :   FF;
	284F   :   FF;
	2850   :   FF;
	2851   :   FF;
	2852   :   FF;
	2853   :   FF;
	2854   :   FF;
	2855   :   FF;
	2856   :   FF;
	2857   :   FF;
	2858   :   FF;
	2859   :   FF;
	285A   :   FF;
	285B   :   FF;
	285C   :   FF;
	285D   :   FF;
	285E   :   FF;
	285F   :   FF;
	2860   :   FF;
	2861   :   FF;
	2862   :   FF;
	2863   :   FF;
	2864   :   FF;
	2865   :   FF;
	2866   :   FF;
	2867   :   FF;
	2868   :   FF;
	2869   :   FF;
	286A   :   FF;
	286B   :   FF;
	286C   :   FF;
	286D   :   FF;
	286E   :   FF;
	286F   :   FF;
	2870   :   FF;
	2871   :   FF;
	2872   :   FF;
	2873   :   FF;
	2874   :   FF;
	2875   :   FF;
	2876   :   FF;
	2877   :   FF;
	2878   :   FF;
	2879   :   FF;
	287A   :   FF;
	287B   :   FF;
	287C   :   FF;
	287D   :   FF;
	287E   :   FF;
	287F   :   FF;
	2880   :   FF;
	2881   :   FF;
	2882   :   FF;
	2883   :   FF;
	2884   :   FF;
	2885   :   FF;
	2886   :   FF;
	2887   :   FF;
	2888   :   FF;
	2889   :   FF;
	288A   :   FF;
	288B   :   FF;
	288C   :   FF;
	288D   :   FF;
	288E   :   FF;
	288F   :   FF;
	2890   :   FF;
	2891   :   FF;
	2892   :   FF;
	2893   :   FF;
	2894   :   FF;
	2895   :   FF;
	2896   :   FF;
	2897   :   FF;
	2898   :   FF;
	2899   :   FF;
	289A   :   FF;
	289B   :   FF;
	289C   :   FF;
	289D   :   FF;
	289E   :   FF;
	289F   :   FF;
	28A0   :   FF;
	28A1   :   FF;
	28A2   :   FF;
	28A3   :   FF;
	28A4   :   FF;
	28A5   :   FF;
	28A6   :   FF;
	28A7   :   FF;
	28A8   :   FF;
	28A9   :   FF;
	28AA   :   FF;
	28AB   :   FF;
	28AC   :   FF;
	28AD   :   FF;
	28AE   :   FF;
	28AF   :   FF;
	28B0   :   FF;
	28B1   :   FF;
	28B2   :   FF;
	28B3   :   FF;
	28B4   :   FF;
	28B5   :   FF;
	28B6   :   FF;
	28B7   :   FF;
	28B8   :   FF;
	28B9   :   FF;
	28BA   :   FF;
	28BB   :   FF;
	28BC   :   FF;
	28BD   :   FF;
	28BE   :   FF;
	28BF   :   FF;
	28C0   :   FF;
	28C1   :   FF;
	28C2   :   FF;
	28C3   :   FF;
	28C4   :   FF;
	28C5   :   FF;
	28C6   :   FF;
	28C7   :   FF;
	28C8   :   FF;
	28C9   :   FF;
	28CA   :   FF;
	28CB   :   FF;
	28CC   :   FF;
	28CD   :   FF;
	28CE   :   FF;
	28CF   :   FF;
	28D0   :   FF;
	28D1   :   FF;
	28D2   :   FF;
	28D3   :   FF;
	28D4   :   FF;
	28D5   :   FF;
	28D6   :   FF;
	28D7   :   FF;
	28D8   :   FF;
	28D9   :   FF;
	28DA   :   FF;
	28DB   :   FF;
	28DC   :   FF;
	28DD   :   FF;
	28DE   :   FF;
	28DF   :   FF;
	28E0   :   FF;
	28E1   :   FF;
	28E2   :   FF;
	28E3   :   FF;
	28E4   :   FF;
	28E5   :   FF;
	28E6   :   FF;
	28E7   :   FF;
	28E8   :   FF;
	28E9   :   FF;
	28EA   :   FF;
	28EB   :   FF;
	28EC   :   FF;
	28ED   :   FF;
	28EE   :   FF;
	28EF   :   FF;
	28F0   :   FF;
	28F1   :   FF;
	28F2   :   FF;
	28F3   :   FF;
	28F4   :   FF;
	28F5   :   FF;
	28F6   :   FF;
	28F7   :   FF;
	28F8   :   FF;
	28F9   :   FF;
	28FA   :   FF;
	28FB   :   FF;
	28FC   :   FF;
	28FD   :   FF;
	28FE   :   FF;
	28FF   :   FF;
	2900   :   FF;
	2901   :   FF;
	2902   :   FF;
	2903   :   FF;
	2904   :   FF;
	2905   :   FF;
	2906   :   FF;
	2907   :   FF;
	2908   :   FF;
	2909   :   FF;
	290A   :   FF;
	290B   :   FF;
	290C   :   FF;
	290D   :   FF;
	290E   :   FF;
	290F   :   FF;
	2910   :   FF;
	2911   :   FF;
	2912   :   FF;
	2913   :   FF;
	2914   :   FF;
	2915   :   FF;
	2916   :   FF;
	2917   :   FF;
	2918   :   FF;
	2919   :   FF;
	291A   :   FF;
	291B   :   FF;
	291C   :   FF;
	291D   :   FF;
	291E   :   FF;
	291F   :   FF;
	2920   :   FF;
	2921   :   FF;
	2922   :   FF;
	2923   :   FF;
	2924   :   FF;
	2925   :   FF;
	2926   :   FF;
	2927   :   FF;
	2928   :   FF;
	2929   :   FF;
	292A   :   FF;
	292B   :   FF;
	292C   :   FF;
	292D   :   FF;
	292E   :   FF;
	292F   :   FF;
	2930   :   FF;
	2931   :   FF;
	2932   :   FF;
	2933   :   FF;
	2934   :   FF;
	2935   :   FF;
	2936   :   FF;
	2937   :   FF;
	2938   :   FF;
	2939   :   FF;
	293A   :   FF;
	293B   :   FF;
	293C   :   FF;
	293D   :   FF;
	293E   :   FF;
	293F   :   FF;
	2940   :   FF;
	2941   :   FF;
	2942   :   FF;
	2943   :   FF;
	2944   :   FF;
	2945   :   FF;
	2946   :   FF;
	2947   :   FF;
	2948   :   FF;
	2949   :   FF;
	294A   :   FF;
	294B   :   FF;
	294C   :   FF;
	294D   :   FF;
	294E   :   FF;
	294F   :   FF;
	2950   :   FF;
	2951   :   FF;
	2952   :   FF;
	2953   :   FF;
	2954   :   FF;
	2955   :   FF;
	2956   :   FF;
	2957   :   FF;
	2958   :   FF;
	2959   :   FF;
	295A   :   FF;
	295B   :   FF;
	295C   :   FF;
	295D   :   FF;
	295E   :   FF;
	295F   :   FF;
	2960   :   FF;
	2961   :   FF;
	2962   :   FF;
	2963   :   FF;
	2964   :   FF;
	2965   :   FF;
	2966   :   FF;
	2967   :   FF;
	2968   :   FF;
	2969   :   FF;
	296A   :   FF;
	296B   :   FF;
	296C   :   FF;
	296D   :   FF;
	296E   :   FF;
	296F   :   FF;
	2970   :   FF;
	2971   :   FF;
	2972   :   FF;
	2973   :   FF;
	2974   :   FF;
	2975   :   FF;
	2976   :   FF;
	2977   :   FF;
	2978   :   FF;
	2979   :   FF;
	297A   :   FF;
	297B   :   FF;
	297C   :   FF;
	297D   :   FF;
	297E   :   FF;
	297F   :   FF;
	2980   :   FF;
	2981   :   FF;
	2982   :   FF;
	2983   :   FF;
	2984   :   FF;
	2985   :   FF;
	2986   :   FF;
	2987   :   FF;
	2988   :   FF;
	2989   :   FF;
	298A   :   FF;
	298B   :   FF;
	298C   :   FF;
	298D   :   FF;
	298E   :   FF;
	298F   :   FF;
	2990   :   FF;
	2991   :   FF;
	2992   :   FF;
	2993   :   FF;
	2994   :   FF;
	2995   :   FF;
	2996   :   FF;
	2997   :   FF;
	2998   :   FF;
	2999   :   FF;
	299A   :   FF;
	299B   :   FF;
	299C   :   FF;
	299D   :   FF;
	299E   :   FF;
	299F   :   FF;
	29A0   :   FF;
	29A1   :   FF;
	29A2   :   FF;
	29A3   :   FF;
	29A4   :   FF;
	29A5   :   FF;
	29A6   :   FF;
	29A7   :   FF;
	29A8   :   FF;
	29A9   :   FF;
	29AA   :   FF;
	29AB   :   FF;
	29AC   :   FF;
	29AD   :   FF;
	29AE   :   FF;
	29AF   :   FF;
	29B0   :   FF;
	29B1   :   FF;
	29B2   :   FF;
	29B3   :   FF;
	29B4   :   FF;
	29B5   :   FF;
	29B6   :   FF;
	29B7   :   FF;
	29B8   :   FF;
	29B9   :   FF;
	29BA   :   FF;
	29BB   :   FF;
	29BC   :   FF;
	29BD   :   FF;
	29BE   :   FF;
	29BF   :   FF;
	29C0   :   FF;
	29C1   :   FF;
	29C2   :   FF;
	29C3   :   FF;
	29C4   :   FF;
	29C5   :   FF;
	29C6   :   FF;
	29C7   :   FF;
	29C8   :   FF;
	29C9   :   FF;
	29CA   :   FF;
	29CB   :   FF;
	29CC   :   FF;
	29CD   :   FF;
	29CE   :   FF;
	29CF   :   FF;
	29D0   :   FF;
	29D1   :   FF;
	29D2   :   FF;
	29D3   :   FF;
	29D4   :   FF;
	29D5   :   FF;
	29D6   :   FF;
	29D7   :   FF;
	29D8   :   FF;
	29D9   :   FF;
	29DA   :   FF;
	29DB   :   FF;
	29DC   :   FF;
	29DD   :   FF;
	29DE   :   FF;
	29DF   :   FF;
	29E0   :   FF;
	29E1   :   FF;
	29E2   :   FF;
	29E3   :   FF;
	29E4   :   FF;
	29E5   :   FF;
	29E6   :   FF;
	29E7   :   FF;
	29E8   :   FF;
	29E9   :   FF;
	29EA   :   FF;
	29EB   :   FF;
	29EC   :   FF;
	29ED   :   FF;
	29EE   :   FF;
	29EF   :   FF;
	29F0   :   FF;
	29F1   :   FF;
	29F2   :   FF;
	29F3   :   FF;
	29F4   :   FF;
	29F5   :   FF;
	29F6   :   FF;
	29F7   :   FF;
	29F8   :   FF;
	29F9   :   FF;
	29FA   :   FF;
	29FB   :   FF;
	29FC   :   FF;
	29FD   :   FF;
	29FE   :   FF;
	29FF   :   FF;
	2A00   :   FF;
	2A01   :   FF;
	2A02   :   FF;
	2A03   :   FF;
	2A04   :   FF;
	2A05   :   FF;
	2A06   :   FF;
	2A07   :   FF;
	2A08   :   FF;
	2A09   :   FF;
	2A0A   :   FF;
	2A0B   :   FF;
	2A0C   :   FF;
	2A0D   :   FF;
	2A0E   :   FF;
	2A0F   :   FF;
	2A10   :   FF;
	2A11   :   FF;
	2A12   :   FF;
	2A13   :   FF;
	2A14   :   FF;
	2A15   :   FF;
	2A16   :   FF;
	2A17   :   FF;
	2A18   :   FF;
	2A19   :   FF;
	2A1A   :   FF;
	2A1B   :   FF;
	2A1C   :   FF;
	2A1D   :   FF;
	2A1E   :   FF;
	2A1F   :   FF;
	2A20   :   FF;
	2A21   :   FF;
	2A22   :   FF;
	2A23   :   FF;
	2A24   :   FF;
	2A25   :   FF;
	2A26   :   FF;
	2A27   :   FF;
	2A28   :   FF;
	2A29   :   FF;
	2A2A   :   FF;
	2A2B   :   FF;
	2A2C   :   FF;
	2A2D   :   FF;
	2A2E   :   FF;
	2A2F   :   FF;
	2A30   :   FF;
	2A31   :   FF;
	2A32   :   FF;
	2A33   :   FF;
	2A34   :   FF;
	2A35   :   FF;
	2A36   :   FF;
	2A37   :   FF;
	2A38   :   FF;
	2A39   :   FF;
	2A3A   :   FF;
	2A3B   :   FF;
	2A3C   :   FF;
	2A3D   :   FF;
	2A3E   :   FF;
	2A3F   :   FF;
	2A40   :   FF;
	2A41   :   FF;
	2A42   :   FF;
	2A43   :   FF;
	2A44   :   FF;
	2A45   :   FF;
	2A46   :   FF;
	2A47   :   FF;
	2A48   :   FF;
	2A49   :   FF;
	2A4A   :   FF;
	2A4B   :   FF;
	2A4C   :   FF;
	2A4D   :   FF;
	2A4E   :   FF;
	2A4F   :   FF;
	2A50   :   FF;
	2A51   :   FF;
	2A52   :   FF;
	2A53   :   FF;
	2A54   :   FF;
	2A55   :   FF;
	2A56   :   FF;
	2A57   :   FF;
	2A58   :   FF;
	2A59   :   FF;
	2A5A   :   FF;
	2A5B   :   FF;
	2A5C   :   FF;
	2A5D   :   FF;
	2A5E   :   FF;
	2A5F   :   FF;
	2A60   :   FF;
	2A61   :   FF;
	2A62   :   FF;
	2A63   :   FF;
	2A64   :   FF;
	2A65   :   FF;
	2A66   :   FF;
	2A67   :   FF;
	2A68   :   FF;
	2A69   :   FF;
	2A6A   :   FF;
	2A6B   :   FF;
	2A6C   :   FF;
	2A6D   :   FF;
	2A6E   :   FF;
	2A6F   :   FF;
	2A70   :   FF;
	2A71   :   FF;
	2A72   :   FF;
	2A73   :   FF;
	2A74   :   FF;
	2A75   :   FF;
	2A76   :   FF;
	2A77   :   FF;
	2A78   :   FF;
	2A79   :   FF;
	2A7A   :   FF;
	2A7B   :   FF;
	2A7C   :   FF;
	2A7D   :   FF;
	2A7E   :   FF;
	2A7F   :   FF;
	2A80   :   FF;
	2A81   :   FF;
	2A82   :   FF;
	2A83   :   FF;
	2A84   :   FF;
	2A85   :   FF;
	2A86   :   FF;
	2A87   :   FF;
	2A88   :   FF;
	2A89   :   FF;
	2A8A   :   FF;
	2A8B   :   FF;
	2A8C   :   FF;
	2A8D   :   FF;
	2A8E   :   FF;
	2A8F   :   FF;
	2A90   :   FF;
	2A91   :   FF;
	2A92   :   FF;
	2A93   :   FF;
	2A94   :   FF;
	2A95   :   FF;
	2A96   :   FF;
	2A97   :   FF;
	2A98   :   FF;
	2A99   :   FF;
	2A9A   :   FF;
	2A9B   :   FF;
	2A9C   :   FF;
	2A9D   :   FF;
	2A9E   :   FF;
	2A9F   :   FF;
	2AA0   :   FF;
	2AA1   :   FF;
	2AA2   :   FF;
	2AA3   :   FF;
	2AA4   :   FF;
	2AA5   :   FF;
	2AA6   :   FF;
	2AA7   :   FF;
	2AA8   :   FF;
	2AA9   :   FF;
	2AAA   :   FF;
	2AAB   :   FF;
	2AAC   :   FF;
	2AAD   :   FF;
	2AAE   :   FF;
	2AAF   :   FF;
	2AB0   :   FF;
	2AB1   :   FF;
	2AB2   :   FF;
	2AB3   :   FF;
	2AB4   :   FF;
	2AB5   :   FF;
	2AB6   :   FF;
	2AB7   :   FF;
	2AB8   :   FF;
	2AB9   :   FF;
	2ABA   :   FF;
	2ABB   :   FF;
	2ABC   :   FF;
	2ABD   :   FF;
	2ABE   :   FF;
	2ABF   :   FF;
	2AC0   :   FF;
	2AC1   :   FF;
	2AC2   :   FF;
	2AC3   :   FF;
	2AC4   :   FF;
	2AC5   :   FF;
	2AC6   :   FF;
	2AC7   :   FF;
	2AC8   :   FF;
	2AC9   :   FF;
	2ACA   :   FF;
	2ACB   :   FF;
	2ACC   :   FF;
	2ACD   :   FF;
	2ACE   :   FF;
	2ACF   :   FF;
	2AD0   :   FF;
	2AD1   :   FF;
	2AD2   :   FF;
	2AD3   :   FF;
	2AD4   :   FF;
	2AD5   :   FF;
	2AD6   :   FF;
	2AD7   :   FF;
	2AD8   :   FF;
	2AD9   :   FF;
	2ADA   :   FF;
	2ADB   :   FF;
	2ADC   :   FF;
	2ADD   :   FF;
	2ADE   :   FF;
	2ADF   :   FF;
	2AE0   :   FF;
	2AE1   :   FF;
	2AE2   :   FF;
	2AE3   :   FF;
	2AE4   :   FF;
	2AE5   :   FF;
	2AE6   :   FF;
	2AE7   :   FF;
	2AE8   :   FF;
	2AE9   :   FF;
	2AEA   :   FF;
	2AEB   :   FF;
	2AEC   :   FF;
	2AED   :   FF;
	2AEE   :   FF;
	2AEF   :   FF;
	2AF0   :   FF;
	2AF1   :   FF;
	2AF2   :   FF;
	2AF3   :   FF;
	2AF4   :   FF;
	2AF5   :   FF;
	2AF6   :   FF;
	2AF7   :   FF;
	2AF8   :   FF;
	2AF9   :   FF;
	2AFA   :   FF;
	2AFB   :   FF;
	2AFC   :   FF;
	2AFD   :   FF;
	2AFE   :   FF;
	2AFF   :   FF;
	2B00   :   FF;
	2B01   :   FF;
	2B02   :   FF;
	2B03   :   FF;
	2B04   :   FF;
	2B05   :   FF;
	2B06   :   FF;
	2B07   :   FF;
	2B08   :   FF;
	2B09   :   FF;
	2B0A   :   FF;
	2B0B   :   FF;
	2B0C   :   FF;
	2B0D   :   FF;
	2B0E   :   FF;
	2B0F   :   FF;
	2B10   :   FF;
	2B11   :   FF;
	2B12   :   FF;
	2B13   :   FF;
	2B14   :   FF;
	2B15   :   FF;
	2B16   :   FF;
	2B17   :   FF;
	2B18   :   FF;
	2B19   :   FF;
	2B1A   :   FF;
	2B1B   :   FF;
	2B1C   :   FF;
	2B1D   :   FF;
	2B1E   :   FF;
	2B1F   :   FF;
	2B20   :   FF;
	2B21   :   FF;
	2B22   :   FF;
	2B23   :   FF;
	2B24   :   FF;
	2B25   :   FF;
	2B26   :   FF;
	2B27   :   FF;
	2B28   :   FF;
	2B29   :   FF;
	2B2A   :   FF;
	2B2B   :   FF;
	2B2C   :   FF;
	2B2D   :   FF;
	2B2E   :   FF;
	2B2F   :   FF;
	2B30   :   FF;
	2B31   :   FF;
	2B32   :   FF;
	2B33   :   FF;
	2B34   :   FF;
	2B35   :   FF;
	2B36   :   FF;
	2B37   :   FF;
	2B38   :   FF;
	2B39   :   FF;
	2B3A   :   FF;
	2B3B   :   FF;
	2B3C   :   FF;
	2B3D   :   FF;
	2B3E   :   FF;
	2B3F   :   FF;
	2B40   :   FF;
	2B41   :   FF;
	2B42   :   FF;
	2B43   :   FF;
	2B44   :   FF;
	2B45   :   FF;
	2B46   :   FF;
	2B47   :   FF;
	2B48   :   FF;
	2B49   :   FF;
	2B4A   :   FF;
	2B4B   :   FF;
	2B4C   :   FF;
	2B4D   :   FF;
	2B4E   :   FF;
	2B4F   :   FF;
	2B50   :   FF;
	2B51   :   FF;
	2B52   :   FF;
	2B53   :   FF;
	2B54   :   FF;
	2B55   :   FF;
	2B56   :   FF;
	2B57   :   FF;
	2B58   :   FF;
	2B59   :   FF;
	2B5A   :   FF;
	2B5B   :   FF;
	2B5C   :   FF;
	2B5D   :   FF;
	2B5E   :   FF;
	2B5F   :   FF;
	2B60   :   FF;
	2B61   :   FF;
	2B62   :   FF;
	2B63   :   FF;
	2B64   :   FF;
	2B65   :   FF;
	2B66   :   FF;
	2B67   :   FF;
	2B68   :   FF;
	2B69   :   FF;
	2B6A   :   FF;
	2B6B   :   FF;
	2B6C   :   FF;
	2B6D   :   FF;
	2B6E   :   FF;
	2B6F   :   FF;
	2B70   :   FF;
	2B71   :   FF;
	2B72   :   FF;
	2B73   :   FF;
	2B74   :   FF;
	2B75   :   FF;
	2B76   :   FF;
	2B77   :   FF;
	2B78   :   FF;
	2B79   :   FF;
	2B7A   :   FF;
	2B7B   :   FF;
	2B7C   :   FF;
	2B7D   :   FF;
	2B7E   :   FF;
	2B7F   :   FF;
	2B80   :   FF;
	2B81   :   FF;
	2B82   :   FF;
	2B83   :   FF;
	2B84   :   FF;
	2B85   :   FF;
	2B86   :   FF;
	2B87   :   FF;
	2B88   :   FF;
	2B89   :   FF;
	2B8A   :   FF;
	2B8B   :   FF;
	2B8C   :   FF;
	2B8D   :   FF;
	2B8E   :   FF;
	2B8F   :   FF;
	2B90   :   FF;
	2B91   :   FF;
	2B92   :   FF;
	2B93   :   FF;
	2B94   :   FF;
	2B95   :   FF;
	2B96   :   FF;
	2B97   :   FF;
	2B98   :   FF;
	2B99   :   FF;
	2B9A   :   FF;
	2B9B   :   FF;
	2B9C   :   FF;
	2B9D   :   FF;
	2B9E   :   FF;
	2B9F   :   FF;
	2BA0   :   FF;
	2BA1   :   FF;
	2BA2   :   FF;
	2BA3   :   FF;
	2BA4   :   FF;
	2BA5   :   FF;
	2BA6   :   FF;
	2BA7   :   FF;
	2BA8   :   FF;
	2BA9   :   FF;
	2BAA   :   FF;
	2BAB   :   FF;
	2BAC   :   FF;
	2BAD   :   FF;
	2BAE   :   FF;
	2BAF   :   FF;
	2BB0   :   FF;
	2BB1   :   FF;
	2BB2   :   FF;
	2BB3   :   FF;
	2BB4   :   FF;
	2BB5   :   FF;
	2BB6   :   FF;
	2BB7   :   FF;
	2BB8   :   FF;
	2BB9   :   FF;
	2BBA   :   FF;
	2BBB   :   FF;
	2BBC   :   FF;
	2BBD   :   FF;
	2BBE   :   FF;
	2BBF   :   FF;
	2BC0   :   FF;
	2BC1   :   FF;
	2BC2   :   FF;
	2BC3   :   FF;
	2BC4   :   FF;
	2BC5   :   FF;
	2BC6   :   FF;
	2BC7   :   FF;
	2BC8   :   FF;
	2BC9   :   FF;
	2BCA   :   FF;
	2BCB   :   FF;
	2BCC   :   FF;
	2BCD   :   FF;
	2BCE   :   FF;
	2BCF   :   FF;
	2BD0   :   FF;
	2BD1   :   FF;
	2BD2   :   FF;
	2BD3   :   FF;
	2BD4   :   FF;
	2BD5   :   FF;
	2BD6   :   FF;
	2BD7   :   FF;
	2BD8   :   FF;
	2BD9   :   FF;
	2BDA   :   FF;
	2BDB   :   FF;
	2BDC   :   FF;
	2BDD   :   FF;
	2BDE   :   FF;
	2BDF   :   FF;
	2BE0   :   FF;
	2BE1   :   FF;
	2BE2   :   FF;
	2BE3   :   FF;
	2BE4   :   FF;
	2BE5   :   FF;
	2BE6   :   FF;
	2BE7   :   FF;
	2BE8   :   FF;
	2BE9   :   FF;
	2BEA   :   FF;
	2BEB   :   FF;
	2BEC   :   FF;
	2BED   :   FF;
	2BEE   :   FF;
	2BEF   :   FF;
	2BF0   :   FF;
	2BF1   :   FF;
	2BF2   :   FF;
	2BF3   :   FF;
	2BF4   :   FF;
	2BF5   :   FF;
	2BF6   :   FF;
	2BF7   :   FF;
	2BF8   :   FF;
	2BF9   :   FF;
	2BFA   :   FF;
	2BFB   :   FF;
	2BFC   :   FF;
	2BFD   :   FF;
	2BFE   :   FF;
	2BFF   :   FF;
	2C00   :   FF;
	2C01   :   FF;
	2C02   :   FF;
	2C03   :   FF;
	2C04   :   FF;
	2C05   :   FF;
	2C06   :   FF;
	2C07   :   FF;
	2C08   :   FF;
	2C09   :   FF;
	2C0A   :   FF;
	2C0B   :   FF;
	2C0C   :   FF;
	2C0D   :   FF;
	2C0E   :   FF;
	2C0F   :   FF;
	2C10   :   FF;
	2C11   :   FF;
	2C12   :   FF;
	2C13   :   FF;
	2C14   :   FF;
	2C15   :   FF;
	2C16   :   FF;
	2C17   :   FF;
	2C18   :   FF;
	2C19   :   FF;
	2C1A   :   FF;
	2C1B   :   FF;
	2C1C   :   FF;
	2C1D   :   FF;
	2C1E   :   FF;
	2C1F   :   FF;
	2C20   :   FF;
	2C21   :   FF;
	2C22   :   FF;
	2C23   :   FF;
	2C24   :   FF;
	2C25   :   FF;
	2C26   :   FF;
	2C27   :   FF;
	2C28   :   FF;
	2C29   :   FF;
	2C2A   :   FF;
	2C2B   :   FF;
	2C2C   :   FF;
	2C2D   :   FF;
	2C2E   :   FF;
	2C2F   :   FF;
	2C30   :   FF;
	2C31   :   FF;
	2C32   :   FF;
	2C33   :   FF;
	2C34   :   FF;
	2C35   :   FF;
	2C36   :   FF;
	2C37   :   FF;
	2C38   :   FF;
	2C39   :   FF;
	2C3A   :   FF;
	2C3B   :   FF;
	2C3C   :   FF;
	2C3D   :   FF;
	2C3E   :   FF;
	2C3F   :   FF;
	2C40   :   FF;
	2C41   :   FF;
	2C42   :   FF;
	2C43   :   FF;
	2C44   :   FF;
	2C45   :   FF;
	2C46   :   FF;
	2C47   :   FF;
	2C48   :   FF;
	2C49   :   FF;
	2C4A   :   FF;
	2C4B   :   FF;
	2C4C   :   FF;
	2C4D   :   FF;
	2C4E   :   FF;
	2C4F   :   FF;
	2C50   :   FF;
	2C51   :   FF;
	2C52   :   FF;
	2C53   :   FF;
	2C54   :   FF;
	2C55   :   FF;
	2C56   :   FF;
	2C57   :   FF;
	2C58   :   FF;
	2C59   :   FF;
	2C5A   :   FF;
	2C5B   :   FF;
	2C5C   :   FF;
	2C5D   :   FF;
	2C5E   :   FF;
	2C5F   :   FF;
	2C60   :   FF;
	2C61   :   FF;
	2C62   :   FF;
	2C63   :   FF;
	2C64   :   FF;
	2C65   :   FF;
	2C66   :   FF;
	2C67   :   FF;
	2C68   :   FF;
	2C69   :   FF;
	2C6A   :   FF;
	2C6B   :   FF;
	2C6C   :   FF;
	2C6D   :   FF;
	2C6E   :   FF;
	2C6F   :   FF;
	2C70   :   FF;
	2C71   :   FF;
	2C72   :   FF;
	2C73   :   FF;
	2C74   :   FF;
	2C75   :   FF;
	2C76   :   FF;
	2C77   :   FF;
	2C78   :   FF;
	2C79   :   FF;
	2C7A   :   FF;
	2C7B   :   FF;
	2C7C   :   FF;
	2C7D   :   FF;
	2C7E   :   FF;
	2C7F   :   FF;
	2C80   :   FF;
	2C81   :   FF;
	2C82   :   FF;
	2C83   :   FF;
	2C84   :   FF;
	2C85   :   FF;
	2C86   :   FF;
	2C87   :   FF;
	2C88   :   FF;
	2C89   :   FF;
	2C8A   :   FF;
	2C8B   :   FF;
	2C8C   :   FF;
	2C8D   :   FF;
	2C8E   :   FF;
	2C8F   :   FF;
	2C90   :   FF;
	2C91   :   FF;
	2C92   :   FF;
	2C93   :   FF;
	2C94   :   FF;
	2C95   :   FF;
	2C96   :   FF;
	2C97   :   FF;
	2C98   :   FF;
	2C99   :   FF;
	2C9A   :   FF;
	2C9B   :   FF;
	2C9C   :   FF;
	2C9D   :   FF;
	2C9E   :   FF;
	2C9F   :   FF;
	2CA0   :   FF;
	2CA1   :   FF;
	2CA2   :   FF;
	2CA3   :   FF;
	2CA4   :   FF;
	2CA5   :   FF;
	2CA6   :   FF;
	2CA7   :   FF;
	2CA8   :   FF;
	2CA9   :   FF;
	2CAA   :   FF;
	2CAB   :   FF;
	2CAC   :   FF;
	2CAD   :   FF;
	2CAE   :   FF;
	2CAF   :   FF;
	2CB0   :   FF;
	2CB1   :   FF;
	2CB2   :   FF;
	2CB3   :   FF;
	2CB4   :   FF;
	2CB5   :   FF;
	2CB6   :   FF;
	2CB7   :   FF;
	2CB8   :   FF;
	2CB9   :   FF;
	2CBA   :   FF;
	2CBB   :   FF;
	2CBC   :   FF;
	2CBD   :   FF;
	2CBE   :   FF;
	2CBF   :   FF;
	2CC0   :   FF;
	2CC1   :   FF;
	2CC2   :   FF;
	2CC3   :   FF;
	2CC4   :   FF;
	2CC5   :   FF;
	2CC6   :   FF;
	2CC7   :   FF;
	2CC8   :   FF;
	2CC9   :   FF;
	2CCA   :   FF;
	2CCB   :   FF;
	2CCC   :   FF;
	2CCD   :   FF;
	2CCE   :   FF;
	2CCF   :   FF;
	2CD0   :   FF;
	2CD1   :   FF;
	2CD2   :   FF;
	2CD3   :   FF;
	2CD4   :   FF;
	2CD5   :   FF;
	2CD6   :   FF;
	2CD7   :   FF;
	2CD8   :   FF;
	2CD9   :   FF;
	2CDA   :   FF;
	2CDB   :   FF;
	2CDC   :   FF;
	2CDD   :   FF;
	2CDE   :   FF;
	2CDF   :   FF;
	2CE0   :   FF;
	2CE1   :   FF;
	2CE2   :   FF;
	2CE3   :   FF;
	2CE4   :   FF;
	2CE5   :   FF;
	2CE6   :   FF;
	2CE7   :   FF;
	2CE8   :   FF;
	2CE9   :   FF;
	2CEA   :   FF;
	2CEB   :   FF;
	2CEC   :   FF;
	2CED   :   FF;
	2CEE   :   FF;
	2CEF   :   FF;
	2CF0   :   FF;
	2CF1   :   FF;
	2CF2   :   FF;
	2CF3   :   FF;
	2CF4   :   FF;
	2CF5   :   FF;
	2CF6   :   FF;
	2CF7   :   FF;
	2CF8   :   FF;
	2CF9   :   FF;
	2CFA   :   FF;
	2CFB   :   FF;
	2CFC   :   FF;
	2CFD   :   FF;
	2CFE   :   FF;
	2CFF   :   FF;
	2D00   :   FF;
	2D01   :   FF;
	2D02   :   FF;
	2D03   :   FF;
	2D04   :   FF;
	2D05   :   FF;
	2D06   :   FF;
	2D07   :   FF;
	2D08   :   FF;
	2D09   :   FF;
	2D0A   :   FF;
	2D0B   :   FF;
	2D0C   :   FF;
	2D0D   :   FF;
	2D0E   :   FF;
	2D0F   :   FF;
	2D10   :   FF;
	2D11   :   FF;
	2D12   :   FF;
	2D13   :   FF;
	2D14   :   FF;
	2D15   :   FF;
	2D16   :   FF;
	2D17   :   FF;
	2D18   :   FF;
	2D19   :   FF;
	2D1A   :   FF;
	2D1B   :   FF;
	2D1C   :   FF;
	2D1D   :   FF;
	2D1E   :   FF;
	2D1F   :   FF;
	2D20   :   FF;
	2D21   :   FF;
	2D22   :   FF;
	2D23   :   FF;
	2D24   :   FF;
	2D25   :   FF;
	2D26   :   FF;
	2D27   :   FF;
	2D28   :   FF;
	2D29   :   FF;
	2D2A   :   FF;
	2D2B   :   FF;
	2D2C   :   FF;
	2D2D   :   FF;
	2D2E   :   FF;
	2D2F   :   FF;
	2D30   :   FF;
	2D31   :   FF;
	2D32   :   FF;
	2D33   :   FF;
	2D34   :   FF;
	2D35   :   FF;
	2D36   :   FF;
	2D37   :   FF;
	2D38   :   FF;
	2D39   :   FF;
	2D3A   :   FF;
	2D3B   :   FF;
	2D3C   :   FF;
	2D3D   :   FF;
	2D3E   :   FF;
	2D3F   :   FF;
	2D40   :   FF;
	2D41   :   FF;
	2D42   :   FF;
	2D43   :   FF;
	2D44   :   FF;
	2D45   :   FF;
	2D46   :   FF;
	2D47   :   FF;
	2D48   :   FF;
	2D49   :   FF;
	2D4A   :   FF;
	2D4B   :   FF;
	2D4C   :   FF;
	2D4D   :   FF;
	2D4E   :   FF;
	2D4F   :   FF;
	2D50   :   FF;
	2D51   :   FF;
	2D52   :   FF;
	2D53   :   FF;
	2D54   :   FF;
	2D55   :   FF;
	2D56   :   FF;
	2D57   :   FF;
	2D58   :   FF;
	2D59   :   FF;
	2D5A   :   FF;
	2D5B   :   FF;
	2D5C   :   FF;
	2D5D   :   FF;
	2D5E   :   FF;
	2D5F   :   FF;
	2D60   :   FF;
	2D61   :   FF;
	2D62   :   FF;
	2D63   :   FF;
	2D64   :   FF;
	2D65   :   FF;
	2D66   :   FF;
	2D67   :   FF;
	2D68   :   FF;
	2D69   :   FF;
	2D6A   :   FF;
	2D6B   :   FF;
	2D6C   :   FF;
	2D6D   :   FF;
	2D6E   :   FF;
	2D6F   :   FF;
	2D70   :   FF;
	2D71   :   FF;
	2D72   :   FF;
	2D73   :   FF;
	2D74   :   FF;
	2D75   :   FF;
	2D76   :   FF;
	2D77   :   FF;
	2D78   :   FF;
	2D79   :   FF;
	2D7A   :   FF;
	2D7B   :   FF;
	2D7C   :   FF;
	2D7D   :   FF;
	2D7E   :   FF;
	2D7F   :   FF;
	2D80   :   FF;
	2D81   :   FF;
	2D82   :   FF;
	2D83   :   FF;
	2D84   :   FF;
	2D85   :   FF;
	2D86   :   FF;
	2D87   :   FF;
	2D88   :   FF;
	2D89   :   FF;
	2D8A   :   FF;
	2D8B   :   FF;
	2D8C   :   FF;
	2D8D   :   FF;
	2D8E   :   FF;
	2D8F   :   FF;
	2D90   :   FF;
	2D91   :   FF;
	2D92   :   FF;
	2D93   :   FF;
	2D94   :   FF;
	2D95   :   FF;
	2D96   :   FF;
	2D97   :   FF;
	2D98   :   FF;
	2D99   :   FF;
	2D9A   :   FF;
	2D9B   :   FF;
	2D9C   :   FF;
	2D9D   :   FF;
	2D9E   :   FF;
	2D9F   :   FF;
	2DA0   :   FF;
	2DA1   :   FF;
	2DA2   :   FF;
	2DA3   :   FF;
	2DA4   :   FF;
	2DA5   :   FF;
	2DA6   :   FF;
	2DA7   :   FF;
	2DA8   :   FF;
	2DA9   :   FF;
	2DAA   :   FF;
	2DAB   :   FF;
	2DAC   :   FF;
	2DAD   :   FF;
	2DAE   :   FF;
	2DAF   :   FF;
	2DB0   :   FF;
	2DB1   :   FF;
	2DB2   :   FF;
	2DB3   :   FF;
	2DB4   :   FF;
	2DB5   :   FF;
	2DB6   :   FF;
	2DB7   :   FF;
	2DB8   :   FF;
	2DB9   :   FF;
	2DBA   :   FF;
	2DBB   :   FF;
	2DBC   :   FF;
	2DBD   :   FF;
	2DBE   :   FF;
	2DBF   :   FF;
	2DC0   :   FF;
	2DC1   :   FF;
	2DC2   :   FF;
	2DC3   :   FF;
	2DC4   :   FF;
	2DC5   :   FF;
	2DC6   :   FF;
	2DC7   :   FF;
	2DC8   :   FF;
	2DC9   :   FF;
	2DCA   :   FF;
	2DCB   :   FF;
	2DCC   :   FF;
	2DCD   :   FF;
	2DCE   :   FF;
	2DCF   :   FF;
	2DD0   :   FF;
	2DD1   :   FF;
	2DD2   :   FF;
	2DD3   :   FF;
	2DD4   :   FF;
	2DD5   :   FF;
	2DD6   :   FF;
	2DD7   :   FF;
	2DD8   :   FF;
	2DD9   :   FF;
	2DDA   :   FF;
	2DDB   :   FF;
	2DDC   :   FF;
	2DDD   :   FF;
	2DDE   :   FF;
	2DDF   :   FF;
	2DE0   :   FF;
	2DE1   :   FF;
	2DE2   :   FF;
	2DE3   :   FF;
	2DE4   :   FF;
	2DE5   :   FF;
	2DE6   :   FF;
	2DE7   :   FF;
	2DE8   :   FF;
	2DE9   :   FF;
	2DEA   :   FF;
	2DEB   :   FF;
	2DEC   :   FF;
	2DED   :   FF;
	2DEE   :   FF;
	2DEF   :   FF;
	2DF0   :   FF;
	2DF1   :   FF;
	2DF2   :   FF;
	2DF3   :   FF;
	2DF4   :   FF;
	2DF5   :   FF;
	2DF6   :   FF;
	2DF7   :   FF;
	2DF8   :   FF;
	2DF9   :   FF;
	2DFA   :   FF;
	2DFB   :   FF;
	2DFC   :   FF;
	2DFD   :   FF;
	2DFE   :   FF;
	2DFF   :   FF;
	2E00   :   FF;
	2E01   :   FF;
	2E02   :   FF;
	2E03   :   FF;
	2E04   :   FF;
	2E05   :   FF;
	2E06   :   FF;
	2E07   :   FF;
	2E08   :   FF;
	2E09   :   FF;
	2E0A   :   FF;
	2E0B   :   FF;
	2E0C   :   FF;
	2E0D   :   FF;
	2E0E   :   FF;
	2E0F   :   FF;
	2E10   :   FF;
	2E11   :   FF;
	2E12   :   FF;
	2E13   :   FF;
	2E14   :   FF;
	2E15   :   FF;
	2E16   :   FF;
	2E17   :   FF;
	2E18   :   FF;
	2E19   :   FF;
	2E1A   :   FF;
	2E1B   :   FF;
	2E1C   :   FF;
	2E1D   :   FF;
	2E1E   :   FF;
	2E1F   :   FF;
	2E20   :   FF;
	2E21   :   FF;
	2E22   :   FF;
	2E23   :   FF;
	2E24   :   FF;
	2E25   :   FF;
	2E26   :   FF;
	2E27   :   FF;
	2E28   :   FF;
	2E29   :   FF;
	2E2A   :   FF;
	2E2B   :   FF;
	2E2C   :   FF;
	2E2D   :   FF;
	2E2E   :   FF;
	2E2F   :   FF;
	2E30   :   FF;
	2E31   :   FF;
	2E32   :   FF;
	2E33   :   FF;
	2E34   :   FF;
	2E35   :   FF;
	2E36   :   FF;
	2E37   :   FF;
	2E38   :   FF;
	2E39   :   FF;
	2E3A   :   FF;
	2E3B   :   FF;
	2E3C   :   FF;
	2E3D   :   FF;
	2E3E   :   FF;
	2E3F   :   FF;
	2E40   :   FF;
	2E41   :   FF;
	2E42   :   FF;
	2E43   :   FF;
	2E44   :   FF;
	2E45   :   FF;
	2E46   :   FF;
	2E47   :   FF;
	2E48   :   FF;
	2E49   :   FF;
	2E4A   :   FF;
	2E4B   :   FF;
	2E4C   :   FF;
	2E4D   :   FF;
	2E4E   :   FF;
	2E4F   :   FF;
	2E50   :   FF;
	2E51   :   FF;
	2E52   :   FF;
	2E53   :   FF;
	2E54   :   FF;
	2E55   :   FF;
	2E56   :   FF;
	2E57   :   FF;
	2E58   :   FF;
	2E59   :   FF;
	2E5A   :   FF;
	2E5B   :   FF;
	2E5C   :   FF;
	2E5D   :   FF;
	2E5E   :   FF;
	2E5F   :   FF;
	2E60   :   FF;
	2E61   :   FF;
	2E62   :   FF;
	2E63   :   FF;
	2E64   :   FF;
	2E65   :   FF;
	2E66   :   FF;
	2E67   :   FF;
	2E68   :   FF;
	2E69   :   FF;
	2E6A   :   FF;
	2E6B   :   FF;
	2E6C   :   FF;
	2E6D   :   FF;
	2E6E   :   FF;
	2E6F   :   FF;
	2E70   :   FF;
	2E71   :   FF;
	2E72   :   FF;
	2E73   :   FF;
	2E74   :   FF;
	2E75   :   FF;
	2E76   :   FF;
	2E77   :   FF;
	2E78   :   FF;
	2E79   :   FF;
	2E7A   :   FF;
	2E7B   :   FF;
	2E7C   :   FF;
	2E7D   :   FF;
	2E7E   :   FF;
	2E7F   :   FF;
	2E80   :   FF;
	2E81   :   FF;
	2E82   :   FF;
	2E83   :   FF;
	2E84   :   FF;
	2E85   :   FF;
	2E86   :   FF;
	2E87   :   FF;
	2E88   :   FF;
	2E89   :   FF;
	2E8A   :   FF;
	2E8B   :   FF;
	2E8C   :   FF;
	2E8D   :   FF;
	2E8E   :   FF;
	2E8F   :   FF;
	2E90   :   FF;
	2E91   :   FF;
	2E92   :   FF;
	2E93   :   FF;
	2E94   :   FF;
	2E95   :   FF;
	2E96   :   FF;
	2E97   :   FF;
	2E98   :   FF;
	2E99   :   FF;
	2E9A   :   FF;
	2E9B   :   FF;
	2E9C   :   FF;
	2E9D   :   FF;
	2E9E   :   FF;
	2E9F   :   FF;
	2EA0   :   FF;
	2EA1   :   FF;
	2EA2   :   FF;
	2EA3   :   FF;
	2EA4   :   FF;
	2EA5   :   FF;
	2EA6   :   FF;
	2EA7   :   FF;
	2EA8   :   FF;
	2EA9   :   FF;
	2EAA   :   FF;
	2EAB   :   FF;
	2EAC   :   FF;
	2EAD   :   FF;
	2EAE   :   FF;
	2EAF   :   FF;
	2EB0   :   FF;
	2EB1   :   FF;
	2EB2   :   FF;
	2EB3   :   FF;
	2EB4   :   FF;
	2EB5   :   FF;
	2EB6   :   FF;
	2EB7   :   FF;
	2EB8   :   FF;
	2EB9   :   FF;
	2EBA   :   FF;
	2EBB   :   FF;
	2EBC   :   FF;
	2EBD   :   FF;
	2EBE   :   FF;
	2EBF   :   FF;
	2EC0   :   FF;
	2EC1   :   FF;
	2EC2   :   FF;
	2EC3   :   FF;
	2EC4   :   FF;
	2EC5   :   FF;
	2EC6   :   FF;
	2EC7   :   FF;
	2EC8   :   FF;
	2EC9   :   FF;
	2ECA   :   FF;
	2ECB   :   FF;
	2ECC   :   FF;
	2ECD   :   FF;
	2ECE   :   FF;
	2ECF   :   FF;
	2ED0   :   FF;
	2ED1   :   FF;
	2ED2   :   FF;
	2ED3   :   FF;
	2ED4   :   FF;
	2ED5   :   FF;
	2ED6   :   FF;
	2ED7   :   FF;
	2ED8   :   FF;
	2ED9   :   FF;
	2EDA   :   FF;
	2EDB   :   FF;
	2EDC   :   FF;
	2EDD   :   FF;
	2EDE   :   FF;
	2EDF   :   FF;
	2EE0   :   FF;
	2EE1   :   FF;
	2EE2   :   FF;
	2EE3   :   FF;
	2EE4   :   FF;
	2EE5   :   FF;
	2EE6   :   FF;
	2EE7   :   FF;
	2EE8   :   FF;
	2EE9   :   FF;
	2EEA   :   FF;
	2EEB   :   FF;
	2EEC   :   FF;
	2EED   :   FF;
	2EEE   :   FF;
	2EEF   :   FF;
	2EF0   :   FF;
	2EF1   :   FF;
	2EF2   :   FF;
	2EF3   :   FF;
	2EF4   :   FF;
	2EF5   :   FF;
	2EF6   :   FF;
	2EF7   :   FF;
	2EF8   :   FF;
	2EF9   :   FF;
	2EFA   :   FF;
	2EFB   :   FF;
	2EFC   :   FF;
	2EFD   :   FF;
	2EFE   :   FF;
	2EFF   :   FF;
	2F00   :   FF;
	2F01   :   FF;
	2F02   :   FF;
	2F03   :   FF;
	2F04   :   FF;
	2F05   :   FF;
	2F06   :   FF;
	2F07   :   FF;
	2F08   :   FF;
	2F09   :   FF;
	2F0A   :   FF;
	2F0B   :   FF;
	2F0C   :   FF;
	2F0D   :   FF;
	2F0E   :   FF;
	2F0F   :   FF;
	2F10   :   FF;
	2F11   :   FF;
	2F12   :   FF;
	2F13   :   FF;
	2F14   :   FF;
	2F15   :   FF;
	2F16   :   FF;
	2F17   :   FF;
	2F18   :   FF;
	2F19   :   FF;
	2F1A   :   FF;
	2F1B   :   FF;
	2F1C   :   FF;
	2F1D   :   FF;
	2F1E   :   FF;
	2F1F   :   FF;
	2F20   :   FF;
	2F21   :   FF;
	2F22   :   FF;
	2F23   :   FF;
	2F24   :   FF;
	2F25   :   FF;
	2F26   :   FF;
	2F27   :   FF;
	2F28   :   FF;
	2F29   :   FF;
	2F2A   :   FF;
	2F2B   :   FF;
	2F2C   :   FF;
	2F2D   :   FF;
	2F2E   :   FF;
	2F2F   :   FF;
	2F30   :   FF;
	2F31   :   FF;
	2F32   :   FF;
	2F33   :   FF;
	2F34   :   FF;
	2F35   :   FF;
	2F36   :   FF;
	2F37   :   FF;
	2F38   :   FF;
	2F39   :   FF;
	2F3A   :   FF;
	2F3B   :   FF;
	2F3C   :   FF;
	2F3D   :   FF;
	2F3E   :   FF;
	2F3F   :   FF;
	2F40   :   FF;
	2F41   :   FF;
	2F42   :   FF;
	2F43   :   FF;
	2F44   :   FF;
	2F45   :   FF;
	2F46   :   FF;
	2F47   :   FF;
	2F48   :   FF;
	2F49   :   FF;
	2F4A   :   FF;
	2F4B   :   FF;
	2F4C   :   FF;
	2F4D   :   FF;
	2F4E   :   FF;
	2F4F   :   FF;
	2F50   :   FF;
	2F51   :   FF;
	2F52   :   FF;
	2F53   :   FF;
	2F54   :   FF;
	2F55   :   FF;
	2F56   :   FF;
	2F57   :   FF;
	2F58   :   FF;
	2F59   :   FF;
	2F5A   :   FF;
	2F5B   :   FF;
	2F5C   :   FF;
	2F5D   :   FF;
	2F5E   :   FF;
	2F5F   :   FF;
	2F60   :   FF;
	2F61   :   FF;
	2F62   :   FF;
	2F63   :   FF;
	2F64   :   FF;
	2F65   :   FF;
	2F66   :   FF;
	2F67   :   FF;
	2F68   :   FF;
	2F69   :   FF;
	2F6A   :   FF;
	2F6B   :   FF;
	2F6C   :   FF;
	2F6D   :   FF;
	2F6E   :   FF;
	2F6F   :   FF;
	2F70   :   FF;
	2F71   :   FF;
	2F72   :   FF;
	2F73   :   FF;
	2F74   :   FF;
	2F75   :   FF;
	2F76   :   FF;
	2F77   :   FF;
	2F78   :   FF;
	2F79   :   FF;
	2F7A   :   FF;
	2F7B   :   FF;
	2F7C   :   FF;
	2F7D   :   FF;
	2F7E   :   FF;
	2F7F   :   FF;
	2F80   :   FF;
	2F81   :   FF;
	2F82   :   FF;
	2F83   :   FF;
	2F84   :   FF;
	2F85   :   FF;
	2F86   :   FF;
	2F87   :   FF;
	2F88   :   FF;
	2F89   :   FF;
	2F8A   :   FF;
	2F8B   :   FF;
	2F8C   :   FF;
	2F8D   :   FF;
	2F8E   :   FF;
	2F8F   :   FF;
	2F90   :   FF;
	2F91   :   FF;
	2F92   :   FF;
	2F93   :   FF;
	2F94   :   FF;
	2F95   :   FF;
	2F96   :   FF;
	2F97   :   FF;
	2F98   :   FF;
	2F99   :   FF;
	2F9A   :   FF;
	2F9B   :   FF;
	2F9C   :   FF;
	2F9D   :   FF;
	2F9E   :   FF;
	2F9F   :   FF;
	2FA0   :   FF;
	2FA1   :   FF;
	2FA2   :   FF;
	2FA3   :   FF;
	2FA4   :   FF;
	2FA5   :   FF;
	2FA6   :   FF;
	2FA7   :   FF;
	2FA8   :   FF;
	2FA9   :   FF;
	2FAA   :   FF;
	2FAB   :   FF;
	2FAC   :   FF;
	2FAD   :   FF;
	2FAE   :   FF;
	2FAF   :   FF;
	2FB0   :   FF;
	2FB1   :   FF;
	2FB2   :   FF;
	2FB3   :   FF;
	2FB4   :   FF;
	2FB5   :   FF;
	2FB6   :   FF;
	2FB7   :   FF;
	2FB8   :   FF;
	2FB9   :   FF;
	2FBA   :   FF;
	2FBB   :   FF;
	2FBC   :   FF;
	2FBD   :   FF;
	2FBE   :   FF;
	2FBF   :   FF;
	2FC0   :   FF;
	2FC1   :   FF;
	2FC2   :   FF;
	2FC3   :   FF;
	2FC4   :   FF;
	2FC5   :   FF;
	2FC6   :   FF;
	2FC7   :   FF;
	2FC8   :   FF;
	2FC9   :   FF;
	2FCA   :   FF;
	2FCB   :   FF;
	2FCC   :   FF;
	2FCD   :   FF;
	2FCE   :   FF;
	2FCF   :   FF;
	2FD0   :   FF;
	2FD1   :   FF;
	2FD2   :   FF;
	2FD3   :   FF;
	2FD4   :   FF;
	2FD5   :   FF;
	2FD6   :   FF;
	2FD7   :   FF;
	2FD8   :   FF;
	2FD9   :   FF;
	2FDA   :   FF;
	2FDB   :   FF;
	2FDC   :   FF;
	2FDD   :   FF;
	2FDE   :   FF;
	2FDF   :   FF;
	2FE0   :   FF;
	2FE1   :   FF;
	2FE2   :   FF;
	2FE3   :   FF;
	2FE4   :   FF;
	2FE5   :   FF;
	2FE6   :   FF;
	2FE7   :   FF;
	2FE8   :   FF;
	2FE9   :   FF;
	2FEA   :   FF;
	2FEB   :   FF;
	2FEC   :   FF;
	2FED   :   FF;
	2FEE   :   FF;
	2FEF   :   FF;
	2FF0   :   FF;
	2FF1   :   FF;
	2FF2   :   FF;
	2FF3   :   FF;
	2FF4   :   FF;
	2FF5   :   FF;
	2FF6   :   FF;
	2FF7   :   FF;
	2FF8   :   FF;
	2FF9   :   FF;
	2FFA   :   00;
	2FFB   :   F0;
	2FFC   :   00;
	2FFD   :   F0;
	2FFE   :   00;
	2FFF   :   F0;
	3000   :   78;
	3001   :   D8;
	3002   :   A2;
	3003   :   FF;
	3004   :   9A;
	3005   :   A9;
	3006   :   00;
	3007   :   95;
	3008   :   00;
	3009   :   CA;
	300A   :   D0;
	300B   :   FB;
	300C   :   A9;
	300D   :   00;
	300E   :   85;
	300F   :   09;
	3010   :   A9;
	3011   :   00;
	3012   :   85;
	3013   :   0A;
	3014   :   A9;
	3015   :   02;
	3016   :   85;
	3017   :   02;
	3018   :   85;
	3019   :   00;
	301A   :   85;
	301B   :   02;
	301C   :   85;
	301D   :   02;
	301E   :   85;
	301F   :   02;
	3020   :   A9;
	3021   :   00;
	3022   :   85;
	3023   :   00;
	3024   :   A9;
	3025   :   02;
	3026   :   85;
	3027   :   01;
	3028   :   A2;
	3029   :   24;
	302A   :   85;
	302B   :   02;
	302C   :   CA;
	302D   :   D0;
	302E   :   FB;
	302F   :   A9;
	3030   :   00;
	3031   :   85;
	3032   :   02;
	3033   :   85;
	3034   :   01;
	3035   :   A2;
	3036   :   00;
	3037   :   A0;
	3038   :   02;
	3039   :   BD;
	303A   :   80;
	303B   :   F0;
	303C   :   85;
	303D   :   08;
	303E   :   BD;
	303F   :   00;
	3040   :   F1;
	3041   :   85;
	3042   :   0D;
	3043   :   BD;
	3044   :   80;
	3045   :   F1;
	3046   :   85;
	3047   :   0E;
	3048   :   BD;
	3049   :   00;
	304A   :   F2;
	304B   :   85;
	304C   :   0F;
	304D   :   BD;
	304E   :   80;
	304F   :   F2;
	3050   :   85;
	3051   :   0D;
	3052   :   BD;
	3053   :   00;
	3054   :   F3;
	3055   :   85;
	3056   :   0E;
	3057   :   BD;
	3058   :   80;
	3059   :   F3;
	305A   :   EA;
	305B   :   EA;
	305C   :   85;
	305D   :   0F;
	305E   :   88;
	305F   :   D0;
	3060   :   03;
	3061   :   A0;
	3062   :   02;
	3063   :   E8;
	3064   :   85;
	3065   :   02;
	3066   :   E0;
	3067   :   60;
	3068   :   D0;
	3069   :   CF;
	306A   :   A9;
	306B   :   02;
	306C   :   85;
	306D   :   01;
	306E   :   A9;
	306F   :   00;
	3070   :   85;
	3071   :   0D;
	3072   :   85;
	3073   :   0E;
	3074   :   85;
	3075   :   0F;
	3076   :   A2;
	3077   :   1D;
	3078   :   85;
	3079   :   02;
	307A   :   CA;
	307B   :   D0;
	307C   :   FB;
	307D   :   4C;
	307E   :   14;
	307F   :   F0;
	3080   :   00;
	3081   :   00;
	3082   :   42;
	3083   :   42;
	3084   :   42;
	3085   :   42;
	3086   :   42;
	3087   :   42;
	3088   :   42;
	3089   :   42;
	308A   :   42;
	308B   :   42;
	308C   :   42;
	308D   :   42;
	308E   :   42;
	308F   :   42;
	3090   :   42;
	3091   :   42;
	3092   :   42;
	3093   :   42;
	3094   :   42;
	3095   :   42;
	3096   :   42;
	3097   :   42;
	3098   :   42;
	3099   :   42;
	309A   :   42;
	309B   :   42;
	309C   :   42;
	309D   :   42;
	309E   :   44;
	309F   :   44;
	30A0   :   44;
	30A1   :   44;
	30A2   :   44;
	30A3   :   44;
	30A4   :   44;
	30A5   :   44;
	30A6   :   44;
	30A7   :   44;
	30A8   :   44;
	30A9   :   44;
	30AA   :   44;
	30AB   :   44;
	30AC   :   44;
	30AD   :   44;
	30AE   :   44;
	30AF   :   44;
	30B0   :   44;
	30B1   :   44;
	30B2   :   44;
	30B3   :   44;
	30B4   :   44;
	30B5   :   44;
	30B6   :   44;
	30B7   :   44;
	30B8   :   44;
	30B9   :   44;
	30BA   :   44;
	30BB   :   44;
	30BC   :   44;
	30BD   :   44;
	30BE   :   44;
	30BF   :   44;
	30C0   :   00;
	30C1   :   00;
	30C2   :   00;
	30C3   :   0E;
	30C4   :   0E;
	30C5   :   0E;
	30C6   :   0E;
	30C7   :   0E;
	30C8   :   0E;
	30C9   :   0E;
	30CA   :   0E;
	30CB   :   0E;
	30CC   :   0E;
	30CD   :   0E;
	30CE   :   0E;
	30CF   :   0E;
	30D0   :   0E;
	30D1   :   00;
	30D2   :   00;
	30D3   :   00;
	30D4   :   1A;
	30D5   :   1A;
	30D6   :   1A;
	30D7   :   1A;
	30D8   :   1A;
	30D9   :   1A;
	30DA   :   1A;
	30DB   :   00;
	30DC   :   00;
	30DD   :   00;
	30DE   :   00;
	30DF   :   00;
	30E0   :   FF;
	30E1   :   FF;
	30E2   :   FF;
	30E3   :   FF;
	30E4   :   FF;
	30E5   :   FF;
	30E6   :   FF;
	30E7   :   FF;
	30E8   :   FF;
	30E9   :   FF;
	30EA   :   FF;
	30EB   :   FF;
	30EC   :   FF;
	30ED   :   FF;
	30EE   :   FF;
	30EF   :   FF;
	30F0   :   FF;
	30F1   :   FF;
	30F2   :   FF;
	30F3   :   FF;
	30F4   :   FF;
	30F5   :   FF;
	30F6   :   FF;
	30F7   :   FF;
	30F8   :   FF;
	30F9   :   FF;
	30FA   :   FF;
	30FB   :   FF;
	30FC   :   FF;
	30FD   :   FF;
	30FE   :   FF;
	30FF   :   FF;
	3100   :   00;
	3101   :   00;
	3102   :   00;
	3103   :   00;
	3104   :   00;
	3105   :   00;
	3106   :   00;
	3107   :   00;
	3108   :   00;
	3109   :   00;
	310A   :   00;
	310B   :   00;
	310C   :   00;
	310D   :   00;
	310E   :   00;
	310F   :   00;
	3110   :   00;
	3111   :   00;
	3112   :   00;
	3113   :   00;
	3114   :   00;
	3115   :   00;
	3116   :   00;
	3117   :   00;
	3118   :   00;
	3119   :   00;
	311A   :   00;
	311B   :   00;
	311C   :   00;
	311D   :   00;
	311E   :   00;
	311F   :   00;
	3120   :   00;
	3121   :   00;
	3122   :   00;
	3123   :   00;
	3124   :   00;
	3125   :   00;
	3126   :   00;
	3127   :   00;
	3128   :   00;
	3129   :   00;
	312A   :   00;
	312B   :   00;
	312C   :   00;
	312D   :   00;
	312E   :   00;
	312F   :   00;
	3130   :   00;
	3131   :   00;
	3132   :   00;
	3133   :   00;
	3134   :   00;
	3135   :   00;
	3136   :   00;
	3137   :   00;
	3138   :   00;
	3139   :   00;
	313A   :   00;
	313B   :   00;
	313C   :   00;
	313D   :   00;
	313E   :   00;
	313F   :   00;
	3140   :   00;
	3141   :   00;
	3142   :   00;
	3143   :   00;
	3144   :   00;
	3145   :   00;
	3146   :   00;
	3147   :   00;
	3148   :   00;
	3149   :   00;
	314A   :   00;
	314B   :   00;
	314C   :   00;
	314D   :   00;
	314E   :   00;
	314F   :   00;
	3150   :   00;
	3151   :   00;
	3152   :   00;
	3153   :   00;
	3154   :   00;
	3155   :   00;
	3156   :   00;
	3157   :   00;
	3158   :   00;
	3159   :   00;
	315A   :   00;
	315B   :   00;
	315C   :   00;
	315D   :   00;
	315E   :   00;
	315F   :   00;
	3160   :   FF;
	3161   :   FF;
	3162   :   FF;
	3163   :   FF;
	3164   :   FF;
	3165   :   FF;
	3166   :   FF;
	3167   :   FF;
	3168   :   FF;
	3169   :   FF;
	316A   :   FF;
	316B   :   FF;
	316C   :   FF;
	316D   :   FF;
	316E   :   FF;
	316F   :   FF;
	3170   :   FF;
	3171   :   FF;
	3172   :   FF;
	3173   :   FF;
	3174   :   FF;
	3175   :   FF;
	3176   :   FF;
	3177   :   FF;
	3178   :   FF;
	3179   :   FF;
	317A   :   FF;
	317B   :   FF;
	317C   :   FF;
	317D   :   FF;
	317E   :   FF;
	317F   :   FF;
	3180   :   00;
	3181   :   00;
	3182   :   00;
	3183   :   00;
	3184   :   00;
	3185   :   00;
	3186   :   00;
	3187   :   00;
	3188   :   00;
	3189   :   00;
	318A   :   00;
	318B   :   00;
	318C   :   00;
	318D   :   00;
	318E   :   00;
	318F   :   00;
	3190   :   00;
	3191   :   00;
	3192   :   00;
	3193   :   00;
	3194   :   00;
	3195   :   00;
	3196   :   00;
	3197   :   00;
	3198   :   00;
	3199   :   00;
	319A   :   00;
	319B   :   00;
	319C   :   00;
	319D   :   00;
	319E   :   00;
	319F   :   00;
	31A0   :   00;
	31A1   :   00;
	31A2   :   00;
	31A3   :   00;
	31A4   :   00;
	31A5   :   01;
	31A6   :   01;
	31A7   :   01;
	31A8   :   01;
	31A9   :   01;
	31AA   :   01;
	31AB   :   03;
	31AC   :   03;
	31AD   :   03;
	31AE   :   03;
	31AF   :   03;
	31B0   :   03;
	31B1   :   07;
	31B2   :   07;
	31B3   :   07;
	31B4   :   07;
	31B5   :   0F;
	31B6   :   1F;
	31B7   :   1F;
	31B8   :   1F;
	31B9   :   1F;
	31BA   :   1F;
	31BB   :   3E;
	31BC   :   3E;
	31BD   :   3E;
	31BE   :   3E;
	31BF   :   7C;
	31C0   :   00;
	31C1   :   00;
	31C2   :   00;
	31C3   :   07;
	31C4   :   07;
	31C5   :   08;
	31C6   :   08;
	31C7   :   00;
	31C8   :   00;
	31C9   :   01;
	31CA   :   01;
	31CB   :   02;
	31CC   :   02;
	31CD   :   04;
	31CE   :   04;
	31CF   :   0F;
	31D0   :   0F;
	31D1   :   00;
	31D2   :   00;
	31D3   :   00;
	31D4   :   00;
	31D5   :   01;
	31D6   :   01;
	31D7   :   01;
	31D8   :   01;
	31D9   :   01;
	31DA   :   01;
	31DB   :   00;
	31DC   :   00;
	31DD   :   00;
	31DE   :   00;
	31DF   :   00;
	31E0   :   FF;
	31E1   :   FF;
	31E2   :   FF;
	31E3   :   FF;
	31E4   :   FF;
	31E5   :   FF;
	31E6   :   FF;
	31E7   :   FF;
	31E8   :   FF;
	31E9   :   FF;
	31EA   :   FF;
	31EB   :   FF;
	31EC   :   FF;
	31ED   :   FF;
	31EE   :   FF;
	31EF   :   FF;
	31F0   :   FF;
	31F1   :   FF;
	31F2   :   FF;
	31F3   :   FF;
	31F4   :   FF;
	31F5   :   FF;
	31F6   :   FF;
	31F7   :   FF;
	31F8   :   FF;
	31F9   :   FF;
	31FA   :   FF;
	31FB   :   FF;
	31FC   :   FF;
	31FD   :   FF;
	31FE   :   FF;
	31FF   :   FF;
	3200   :   00;
	3201   :   00;
	3202   :   DE;
	3203   :   DE;
	3204   :   DE;
	3205   :   DE;
	3206   :   DE;
	3207   :   DE;
	3208   :   DE;
	3209   :   DE;
	320A   :   DE;
	320B   :   DE;
	320C   :   DE;
	320D   :   DE;
	320E   :   DE;
	320F   :   DE;
	3210   :   DE;
	3211   :   DE;
	3212   :   DE;
	3213   :   DE;
	3214   :   DE;
	3215   :   DE;
	3216   :   DE;
	3217   :   DE;
	3218   :   DE;
	3219   :   DE;
	321A   :   DE;
	321B   :   DE;
	321C   :   DE;
	321D   :   CF;
	321E   :   CF;
	321F   :   CF;
	3220   :   CF;
	3221   :   CF;
	3222   :   CF;
	3223   :   CF;
	3224   :   CF;
	3225   :   C7;
	3226   :   C7;
	3227   :   C7;
	3228   :   C7;
	3229   :   C7;
	322A   :   C7;
	322B   :   C3;
	322C   :   C3;
	322D   :   C3;
	322E   :   C3;
	322F   :   C3;
	3230   :   C3;
	3231   :   C1;
	3232   :   C1;
	3233   :   C1;
	3234   :   C1;
	3235   :   C1;
	3236   :   C0;
	3237   :   C0;
	3238   :   C0;
	3239   :   C0;
	323A   :   C0;
	323B   :   C0;
	323C   :   C0;
	323D   :   C0;
	323E   :   C0;
	323F   :   C0;
	3240   :   00;
	3241   :   00;
	3242   :   00;
	3243   :   30;
	3244   :   30;
	3245   :   09;
	3246   :   09;
	3247   :   05;
	3248   :   05;
	3249   :   3C;
	324A   :   3C;
	324B   :   44;
	324C   :   44;
	324D   :   44;
	324E   :   44;
	324F   :   39;
	3250   :   39;
	3251   :   00;
	3252   :   00;
	3253   :   00;
	3254   :   E7;
	3255   :   28;
	3256   :   28;
	3257   :   EF;
	3258   :   28;
	3259   :   28;
	325A   :   28;
	325B   :   00;
	325C   :   00;
	325D   :   00;
	325E   :   00;
	325F   :   00;
	3260   :   FF;
	3261   :   FF;
	3262   :   FF;
	3263   :   FF;
	3264   :   FF;
	3265   :   FF;
	3266   :   FF;
	3267   :   FF;
	3268   :   FF;
	3269   :   FF;
	326A   :   FF;
	326B   :   FF;
	326C   :   FF;
	326D   :   FF;
	326E   :   FF;
	326F   :   FF;
	3270   :   FF;
	3271   :   FF;
	3272   :   FF;
	3273   :   FF;
	3274   :   FF;
	3275   :   FF;
	3276   :   FF;
	3277   :   FF;
	3278   :   FF;
	3279   :   FF;
	327A   :   FF;
	327B   :   FF;
	327C   :   FF;
	327D   :   FF;
	327E   :   FF;
	327F   :   FF;
	3280   :   00;
	3281   :   00;
	3282   :   B0;
	3283   :   B0;
	3284   :   B0;
	3285   :   B0;
	3286   :   B0;
	3287   :   B0;
	3288   :   B0;
	3289   :   B0;
	328A   :   B0;
	328B   :   B0;
	328C   :   B0;
	328D   :   B0;
	328E   :   B0;
	328F   :   B0;
	3290   :   B0;
	3291   :   B0;
	3292   :   B0;
	3293   :   B0;
	3294   :   B0;
	3295   :   B0;
	3296   :   B0;
	3297   :   B0;
	3298   :   B0;
	3299   :   B0;
	329A   :   B0;
	329B   :   B0;
	329C   :   B0;
	329D   :   30;
	329E   :   30;
	329F   :   30;
	32A0   :   30;
	32A1   :   30;
	32A2   :   30;
	32A3   :   30;
	32A4   :   30;
	32A5   :   30;
	32A6   :   30;
	32A7   :   30;
	32A8   :   30;
	32A9   :   30;
	32AA   :   30;
	32AB   :   30;
	32AC   :   30;
	32AD   :   30;
	32AE   :   30;
	32AF   :   30;
	32B0   :   30;
	32B1   :   30;
	32B2   :   30;
	32B3   :   30;
	32B4   :   30;
	32B5   :   30;
	32B6   :   30;
	32B7   :   30;
	32B8   :   30;
	32B9   :   30;
	32BA   :   30;
	32BB   :   30;
	32BC   :   30;
	32BD   :   30;
	32BE   :   30;
	32BF   :   30;
	32C0   :   00;
	32C1   :   00;
	32C2   :   00;
	32C3   :   E0;
	32C4   :   E0;
	32C5   :   10;
	32C6   :   10;
	32C7   :   90;
	32C8   :   90;
	32C9   :   50;
	32CA   :   50;
	32CB   :   30;
	32CC   :   30;
	32CD   :   10;
	32CE   :   10;
	32CF   :   E0;
	32D0   :   E0;
	32D1   :   00;
	32D2   :   00;
	32D3   :   00;
	32D4   :   90;
	32D5   :   A0;
	32D6   :   A0;
	32D7   :   90;
	32D8   :   90;
	32D9   :   A0;
	32DA   :   A0;
	32DB   :   00;
	32DC   :   00;
	32DD   :   00;
	32DE   :   00;
	32DF   :   00;
	32E0   :   FF;
	32E1   :   FF;
	32E2   :   FF;
	32E3   :   FF;
	32E4   :   FF;
	32E5   :   FF;
	32E6   :   FF;
	32E7   :   FF;
	32E8   :   FF;
	32E9   :   FF;
	32EA   :   FF;
	32EB   :   FF;
	32EC   :   FF;
	32ED   :   FF;
	32EE   :   FF;
	32EF   :   FF;
	32F0   :   FF;
	32F1   :   FF;
	32F2   :   FF;
	32F3   :   FF;
	32F4   :   FF;
	32F5   :   FF;
	32F6   :   FF;
	32F7   :   FF;
	32F8   :   FF;
	32F9   :   FF;
	32FA   :   FF;
	32FB   :   FF;
	32FC   :   FF;
	32FD   :   FF;
	32FE   :   FF;
	32FF   :   FF;
	3300   :   00;
	3301   :   00;
	3302   :   E0;
	3303   :   E0;
	3304   :   E0;
	3305   :   E0;
	3306   :   E0;
	3307   :   E0;
	3308   :   E0;
	3309   :   E0;
	330A   :   E0;
	330B   :   E0;
	330C   :   E0;
	330D   :   E0;
	330E   :   E0;
	330F   :   E0;
	3310   :   E0;
	3311   :   E0;
	3312   :   E0;
	3313   :   E0;
	3314   :   E0;
	3315   :   E0;
	3316   :   E0;
	3317   :   E0;
	3318   :   E0;
	3319   :   E0;
	331A   :   E0;
	331B   :   E0;
	331C   :   E0;
	331D   :   F0;
	331E   :   F0;
	331F   :   F0;
	3320   :   F0;
	3321   :   F0;
	3322   :   F0;
	3323   :   F0;
	3324   :   F0;
	3325   :   78;
	3326   :   78;
	3327   :   78;
	3328   :   78;
	3329   :   78;
	332A   :   78;
	332B   :   3C;
	332C   :   3C;
	332D   :   3C;
	332E   :   3C;
	332F   :   3C;
	3330   :   3C;
	3331   :   1E;
	3332   :   1E;
	3333   :   1E;
	3334   :   1E;
	3335   :   1F;
	3336   :   0F;
	3337   :   0F;
	3338   :   0F;
	3339   :   0F;
	333A   :   0F;
	333B   :   07;
	333C   :   07;
	333D   :   07;
	333E   :   07;
	333F   :   03;
	3340   :   00;
	3341   :   00;
	3342   :   00;
	3343   :   1C;
	3344   :   1C;
	3345   :   A2;
	3346   :   A2;
	3347   :   A6;
	3348   :   A6;
	3349   :   AA;
	334A   :   AA;
	334B   :   B2;
	334C   :   B2;
	334D   :   A2;
	334E   :   A2;
	334F   :   1C;
	3350   :   1C;
	3351   :   00;
	3352   :   00;
	3353   :   00;
	3354   :   10;
	3355   :   B0;
	3356   :   50;
	3357   :   50;
	3358   :   10;
	3359   :   10;
	335A   :   10;
	335B   :   00;
	335C   :   00;
	335D   :   00;
	335E   :   00;
	335F   :   00;
	3360   :   FF;
	3361   :   FF;
	3362   :   FF;
	3363   :   FF;
	3364   :   FF;
	3365   :   FF;
	3366   :   FF;
	3367   :   FF;
	3368   :   FF;
	3369   :   FF;
	336A   :   FF;
	336B   :   FF;
	336C   :   FF;
	336D   :   FF;
	336E   :   FF;
	336F   :   FF;
	3370   :   FF;
	3371   :   FF;
	3372   :   FF;
	3373   :   FF;
	3374   :   FF;
	3375   :   FF;
	3376   :   FF;
	3377   :   FF;
	3378   :   FF;
	3379   :   FF;
	337A   :   FF;
	337B   :   FF;
	337C   :   FF;
	337D   :   FF;
	337E   :   FF;
	337F   :   FF;
	3380   :   00;
	3381   :   00;
	3382   :   00;
	3383   :   00;
	3384   :   00;
	3385   :   00;
	3386   :   00;
	3387   :   00;
	3388   :   00;
	3389   :   00;
	338A   :   00;
	338B   :   00;
	338C   :   00;
	338D   :   00;
	338E   :   00;
	338F   :   00;
	3390   :   00;
	3391   :   00;
	3392   :   00;
	3393   :   00;
	3394   :   00;
	3395   :   00;
	3396   :   00;
	3397   :   00;
	3398   :   00;
	3399   :   00;
	339A   :   00;
	339B   :   00;
	339C   :   00;
	339D   :   00;
	339E   :   00;
	339F   :   00;
	33A0   :   00;
	33A1   :   00;
	33A2   :   00;
	33A3   :   00;
	33A4   :   00;
	33A5   :   00;
	33A6   :   00;
	33A7   :   00;
	33A8   :   00;
	33A9   :   00;
	33AA   :   00;
	33AB   :   00;
	33AC   :   00;
	33AD   :   00;
	33AE   :   00;
	33AF   :   00;
	33B0   :   00;
	33B1   :   00;
	33B2   :   00;
	33B3   :   00;
	33B4   :   00;
	33B5   :   00;
	33B6   :   01;
	33B7   :   01;
	33B8   :   01;
	33B9   :   01;
	33BA   :   01;
	33BB   :   03;
	33BC   :   03;
	33BD   :   03;
	33BE   :   03;
	33BF   :   07;
	33C0   :   00;
	33C1   :   00;
	33C2   :   00;
	33C3   :   00;
	33C4   :   00;
	33C5   :   00;
	33C6   :   00;
	33C7   :   00;
	33C8   :   00;
	33C9   :   00;
	33CA   :   00;
	33CB   :   00;
	33CC   :   00;
	33CD   :   00;
	33CE   :   00;
	33CF   :   00;
	33D0   :   00;
	33D1   :   00;
	33D2   :   00;
	33D3   :   00;
	33D4   :   00;
	33D5   :   00;
	33D6   :   00;
	33D7   :   00;
	33D8   :   00;
	33D9   :   00;
	33DA   :   00;
	33DB   :   00;
	33DC   :   00;
	33DD   :   00;
	33DE   :   00;
	33DF   :   00;
	33E0   :   FF;
	33E1   :   FF;
	33E2   :   FF;
	33E3   :   FF;
	33E4   :   FF;
	33E5   :   FF;
	33E6   :   FF;
	33E7   :   FF;
	33E8   :   FF;
	33E9   :   FF;
	33EA   :   FF;
	33EB   :   FF;
	33EC   :   FF;
	33ED   :   FF;
	33EE   :   FF;
	33EF   :   FF;
	33F0   :   FF;
	33F1   :   FF;
	33F2   :   FF;
	33F3   :   FF;
	33F4   :   FF;
	33F5   :   FF;
	33F6   :   FF;
	33F7   :   FF;
	33F8   :   FF;
	33F9   :   FF;
	33FA   :   FF;
	33FB   :   FF;
	33FC   :   FF;
	33FD   :   FF;
	33FE   :   FF;
	33FF   :   FF;
	3400   :   FF;
	3401   :   FF;
	3402   :   FF;
	3403   :   FF;
	3404   :   FF;
	3405   :   FF;
	3406   :   FF;
	3407   :   FF;
	3408   :   FF;
	3409   :   FF;
	340A   :   FF;
	340B   :   FF;
	340C   :   FF;
	340D   :   FF;
	340E   :   FF;
	340F   :   FF;
	3410   :   FF;
	3411   :   FF;
	3412   :   FF;
	3413   :   FF;
	3414   :   FF;
	3415   :   FF;
	3416   :   FF;
	3417   :   FF;
	3418   :   FF;
	3419   :   FF;
	341A   :   FF;
	341B   :   FF;
	341C   :   FF;
	341D   :   FF;
	341E   :   FF;
	341F   :   FF;
	3420   :   FF;
	3421   :   FF;
	3422   :   FF;
	3423   :   FF;
	3424   :   FF;
	3425   :   FF;
	3426   :   FF;
	3427   :   FF;
	3428   :   FF;
	3429   :   FF;
	342A   :   FF;
	342B   :   FF;
	342C   :   FF;
	342D   :   FF;
	342E   :   FF;
	342F   :   FF;
	3430   :   FF;
	3431   :   FF;
	3432   :   FF;
	3433   :   FF;
	3434   :   FF;
	3435   :   FF;
	3436   :   FF;
	3437   :   FF;
	3438   :   FF;
	3439   :   FF;
	343A   :   FF;
	343B   :   FF;
	343C   :   FF;
	343D   :   FF;
	343E   :   FF;
	343F   :   FF;
	3440   :   FF;
	3441   :   FF;
	3442   :   FF;
	3443   :   FF;
	3444   :   FF;
	3445   :   FF;
	3446   :   FF;
	3447   :   FF;
	3448   :   FF;
	3449   :   FF;
	344A   :   FF;
	344B   :   FF;
	344C   :   FF;
	344D   :   FF;
	344E   :   FF;
	344F   :   FF;
	3450   :   FF;
	3451   :   FF;
	3452   :   FF;
	3453   :   FF;
	3454   :   FF;
	3455   :   FF;
	3456   :   FF;
	3457   :   FF;
	3458   :   FF;
	3459   :   FF;
	345A   :   FF;
	345B   :   FF;
	345C   :   FF;
	345D   :   FF;
	345E   :   FF;
	345F   :   FF;
	3460   :   FF;
	3461   :   FF;
	3462   :   FF;
	3463   :   FF;
	3464   :   FF;
	3465   :   FF;
	3466   :   FF;
	3467   :   FF;
	3468   :   FF;
	3469   :   FF;
	346A   :   FF;
	346B   :   FF;
	346C   :   FF;
	346D   :   FF;
	346E   :   FF;
	346F   :   FF;
	3470   :   FF;
	3471   :   FF;
	3472   :   FF;
	3473   :   FF;
	3474   :   FF;
	3475   :   FF;
	3476   :   FF;
	3477   :   FF;
	3478   :   FF;
	3479   :   FF;
	347A   :   FF;
	347B   :   FF;
	347C   :   FF;
	347D   :   FF;
	347E   :   FF;
	347F   :   FF;
	3480   :   FF;
	3481   :   FF;
	3482   :   FF;
	3483   :   FF;
	3484   :   FF;
	3485   :   FF;
	3486   :   FF;
	3487   :   FF;
	3488   :   FF;
	3489   :   FF;
	348A   :   FF;
	348B   :   FF;
	348C   :   FF;
	348D   :   FF;
	348E   :   FF;
	348F   :   FF;
	3490   :   FF;
	3491   :   FF;
	3492   :   FF;
	3493   :   FF;
	3494   :   FF;
	3495   :   FF;
	3496   :   FF;
	3497   :   FF;
	3498   :   FF;
	3499   :   FF;
	349A   :   FF;
	349B   :   FF;
	349C   :   FF;
	349D   :   FF;
	349E   :   FF;
	349F   :   FF;
	34A0   :   FF;
	34A1   :   FF;
	34A2   :   FF;
	34A3   :   FF;
	34A4   :   FF;
	34A5   :   FF;
	34A6   :   FF;
	34A7   :   FF;
	34A8   :   FF;
	34A9   :   FF;
	34AA   :   FF;
	34AB   :   FF;
	34AC   :   FF;
	34AD   :   FF;
	34AE   :   FF;
	34AF   :   FF;
	34B0   :   FF;
	34B1   :   FF;
	34B2   :   FF;
	34B3   :   FF;
	34B4   :   FF;
	34B5   :   FF;
	34B6   :   FF;
	34B7   :   FF;
	34B8   :   FF;
	34B9   :   FF;
	34BA   :   FF;
	34BB   :   FF;
	34BC   :   FF;
	34BD   :   FF;
	34BE   :   FF;
	34BF   :   FF;
	34C0   :   FF;
	34C1   :   FF;
	34C2   :   FF;
	34C3   :   FF;
	34C4   :   FF;
	34C5   :   FF;
	34C6   :   FF;
	34C7   :   FF;
	34C8   :   FF;
	34C9   :   FF;
	34CA   :   FF;
	34CB   :   FF;
	34CC   :   FF;
	34CD   :   FF;
	34CE   :   FF;
	34CF   :   FF;
	34D0   :   FF;
	34D1   :   FF;
	34D2   :   FF;
	34D3   :   FF;
	34D4   :   FF;
	34D5   :   FF;
	34D6   :   FF;
	34D7   :   FF;
	34D8   :   FF;
	34D9   :   FF;
	34DA   :   FF;
	34DB   :   FF;
	34DC   :   FF;
	34DD   :   FF;
	34DE   :   FF;
	34DF   :   FF;
	34E0   :   FF;
	34E1   :   FF;
	34E2   :   FF;
	34E3   :   FF;
	34E4   :   FF;
	34E5   :   FF;
	34E6   :   FF;
	34E7   :   FF;
	34E8   :   FF;
	34E9   :   FF;
	34EA   :   FF;
	34EB   :   FF;
	34EC   :   FF;
	34ED   :   FF;
	34EE   :   FF;
	34EF   :   FF;
	34F0   :   FF;
	34F1   :   FF;
	34F2   :   FF;
	34F3   :   FF;
	34F4   :   FF;
	34F5   :   FF;
	34F6   :   FF;
	34F7   :   FF;
	34F8   :   FF;
	34F9   :   FF;
	34FA   :   FF;
	34FB   :   FF;
	34FC   :   FF;
	34FD   :   FF;
	34FE   :   FF;
	34FF   :   FF;
	3500   :   FF;
	3501   :   FF;
	3502   :   FF;
	3503   :   FF;
	3504   :   FF;
	3505   :   FF;
	3506   :   FF;
	3507   :   FF;
	3508   :   FF;
	3509   :   FF;
	350A   :   FF;
	350B   :   FF;
	350C   :   FF;
	350D   :   FF;
	350E   :   FF;
	350F   :   FF;
	3510   :   FF;
	3511   :   FF;
	3512   :   FF;
	3513   :   FF;
	3514   :   FF;
	3515   :   FF;
	3516   :   FF;
	3517   :   FF;
	3518   :   FF;
	3519   :   FF;
	351A   :   FF;
	351B   :   FF;
	351C   :   FF;
	351D   :   FF;
	351E   :   FF;
	351F   :   FF;
	3520   :   FF;
	3521   :   FF;
	3522   :   FF;
	3523   :   FF;
	3524   :   FF;
	3525   :   FF;
	3526   :   FF;
	3527   :   FF;
	3528   :   FF;
	3529   :   FF;
	352A   :   FF;
	352B   :   FF;
	352C   :   FF;
	352D   :   FF;
	352E   :   FF;
	352F   :   FF;
	3530   :   FF;
	3531   :   FF;
	3532   :   FF;
	3533   :   FF;
	3534   :   FF;
	3535   :   FF;
	3536   :   FF;
	3537   :   FF;
	3538   :   FF;
	3539   :   FF;
	353A   :   FF;
	353B   :   FF;
	353C   :   FF;
	353D   :   FF;
	353E   :   FF;
	353F   :   FF;
	3540   :   FF;
	3541   :   FF;
	3542   :   FF;
	3543   :   FF;
	3544   :   FF;
	3545   :   FF;
	3546   :   FF;
	3547   :   FF;
	3548   :   FF;
	3549   :   FF;
	354A   :   FF;
	354B   :   FF;
	354C   :   FF;
	354D   :   FF;
	354E   :   FF;
	354F   :   FF;
	3550   :   FF;
	3551   :   FF;
	3552   :   FF;
	3553   :   FF;
	3554   :   FF;
	3555   :   FF;
	3556   :   FF;
	3557   :   FF;
	3558   :   FF;
	3559   :   FF;
	355A   :   FF;
	355B   :   FF;
	355C   :   FF;
	355D   :   FF;
	355E   :   FF;
	355F   :   FF;
	3560   :   FF;
	3561   :   FF;
	3562   :   FF;
	3563   :   FF;
	3564   :   FF;
	3565   :   FF;
	3566   :   FF;
	3567   :   FF;
	3568   :   FF;
	3569   :   FF;
	356A   :   FF;
	356B   :   FF;
	356C   :   FF;
	356D   :   FF;
	356E   :   FF;
	356F   :   FF;
	3570   :   FF;
	3571   :   FF;
	3572   :   FF;
	3573   :   FF;
	3574   :   FF;
	3575   :   FF;
	3576   :   FF;
	3577   :   FF;
	3578   :   FF;
	3579   :   FF;
	357A   :   FF;
	357B   :   FF;
	357C   :   FF;
	357D   :   FF;
	357E   :   FF;
	357F   :   FF;
	3580   :   FF;
	3581   :   FF;
	3582   :   FF;
	3583   :   FF;
	3584   :   FF;
	3585   :   FF;
	3586   :   FF;
	3587   :   FF;
	3588   :   FF;
	3589   :   FF;
	358A   :   FF;
	358B   :   FF;
	358C   :   FF;
	358D   :   FF;
	358E   :   FF;
	358F   :   FF;
	3590   :   FF;
	3591   :   FF;
	3592   :   FF;
	3593   :   FF;
	3594   :   FF;
	3595   :   FF;
	3596   :   FF;
	3597   :   FF;
	3598   :   FF;
	3599   :   FF;
	359A   :   FF;
	359B   :   FF;
	359C   :   FF;
	359D   :   FF;
	359E   :   FF;
	359F   :   FF;
	35A0   :   FF;
	35A1   :   FF;
	35A2   :   FF;
	35A3   :   FF;
	35A4   :   FF;
	35A5   :   FF;
	35A6   :   FF;
	35A7   :   FF;
	35A8   :   FF;
	35A9   :   FF;
	35AA   :   FF;
	35AB   :   FF;
	35AC   :   FF;
	35AD   :   FF;
	35AE   :   FF;
	35AF   :   FF;
	35B0   :   FF;
	35B1   :   FF;
	35B2   :   FF;
	35B3   :   FF;
	35B4   :   FF;
	35B5   :   FF;
	35B6   :   FF;
	35B7   :   FF;
	35B8   :   FF;
	35B9   :   FF;
	35BA   :   FF;
	35BB   :   FF;
	35BC   :   FF;
	35BD   :   FF;
	35BE   :   FF;
	35BF   :   FF;
	35C0   :   FF;
	35C1   :   FF;
	35C2   :   FF;
	35C3   :   FF;
	35C4   :   FF;
	35C5   :   FF;
	35C6   :   FF;
	35C7   :   FF;
	35C8   :   FF;
	35C9   :   FF;
	35CA   :   FF;
	35CB   :   FF;
	35CC   :   FF;
	35CD   :   FF;
	35CE   :   FF;
	35CF   :   FF;
	35D0   :   FF;
	35D1   :   FF;
	35D2   :   FF;
	35D3   :   FF;
	35D4   :   FF;
	35D5   :   FF;
	35D6   :   FF;
	35D7   :   FF;
	35D8   :   FF;
	35D9   :   FF;
	35DA   :   FF;
	35DB   :   FF;
	35DC   :   FF;
	35DD   :   FF;
	35DE   :   FF;
	35DF   :   FF;
	35E0   :   FF;
	35E1   :   FF;
	35E2   :   FF;
	35E3   :   FF;
	35E4   :   FF;
	35E5   :   FF;
	35E6   :   FF;
	35E7   :   FF;
	35E8   :   FF;
	35E9   :   FF;
	35EA   :   FF;
	35EB   :   FF;
	35EC   :   FF;
	35ED   :   FF;
	35EE   :   FF;
	35EF   :   FF;
	35F0   :   FF;
	35F1   :   FF;
	35F2   :   FF;
	35F3   :   FF;
	35F4   :   FF;
	35F5   :   FF;
	35F6   :   FF;
	35F7   :   FF;
	35F8   :   FF;
	35F9   :   FF;
	35FA   :   FF;
	35FB   :   FF;
	35FC   :   FF;
	35FD   :   FF;
	35FE   :   FF;
	35FF   :   FF;
	3600   :   FF;
	3601   :   FF;
	3602   :   FF;
	3603   :   FF;
	3604   :   FF;
	3605   :   FF;
	3606   :   FF;
	3607   :   FF;
	3608   :   FF;
	3609   :   FF;
	360A   :   FF;
	360B   :   FF;
	360C   :   FF;
	360D   :   FF;
	360E   :   FF;
	360F   :   FF;
	3610   :   FF;
	3611   :   FF;
	3612   :   FF;
	3613   :   FF;
	3614   :   FF;
	3615   :   FF;
	3616   :   FF;
	3617   :   FF;
	3618   :   FF;
	3619   :   FF;
	361A   :   FF;
	361B   :   FF;
	361C   :   FF;
	361D   :   FF;
	361E   :   FF;
	361F   :   FF;
	3620   :   FF;
	3621   :   FF;
	3622   :   FF;
	3623   :   FF;
	3624   :   FF;
	3625   :   FF;
	3626   :   FF;
	3627   :   FF;
	3628   :   FF;
	3629   :   FF;
	362A   :   FF;
	362B   :   FF;
	362C   :   FF;
	362D   :   FF;
	362E   :   FF;
	362F   :   FF;
	3630   :   FF;
	3631   :   FF;
	3632   :   FF;
	3633   :   FF;
	3634   :   FF;
	3635   :   FF;
	3636   :   FF;
	3637   :   FF;
	3638   :   FF;
	3639   :   FF;
	363A   :   FF;
	363B   :   FF;
	363C   :   FF;
	363D   :   FF;
	363E   :   FF;
	363F   :   FF;
	3640   :   FF;
	3641   :   FF;
	3642   :   FF;
	3643   :   FF;
	3644   :   FF;
	3645   :   FF;
	3646   :   FF;
	3647   :   FF;
	3648   :   FF;
	3649   :   FF;
	364A   :   FF;
	364B   :   FF;
	364C   :   FF;
	364D   :   FF;
	364E   :   FF;
	364F   :   FF;
	3650   :   FF;
	3651   :   FF;
	3652   :   FF;
	3653   :   FF;
	3654   :   FF;
	3655   :   FF;
	3656   :   FF;
	3657   :   FF;
	3658   :   FF;
	3659   :   FF;
	365A   :   FF;
	365B   :   FF;
	365C   :   FF;
	365D   :   FF;
	365E   :   FF;
	365F   :   FF;
	3660   :   FF;
	3661   :   FF;
	3662   :   FF;
	3663   :   FF;
	3664   :   FF;
	3665   :   FF;
	3666   :   FF;
	3667   :   FF;
	3668   :   FF;
	3669   :   FF;
	366A   :   FF;
	366B   :   FF;
	366C   :   FF;
	366D   :   FF;
	366E   :   FF;
	366F   :   FF;
	3670   :   FF;
	3671   :   FF;
	3672   :   FF;
	3673   :   FF;
	3674   :   FF;
	3675   :   FF;
	3676   :   FF;
	3677   :   FF;
	3678   :   FF;
	3679   :   FF;
	367A   :   FF;
	367B   :   FF;
	367C   :   FF;
	367D   :   FF;
	367E   :   FF;
	367F   :   FF;
	3680   :   FF;
	3681   :   FF;
	3682   :   FF;
	3683   :   FF;
	3684   :   FF;
	3685   :   FF;
	3686   :   FF;
	3687   :   FF;
	3688   :   FF;
	3689   :   FF;
	368A   :   FF;
	368B   :   FF;
	368C   :   FF;
	368D   :   FF;
	368E   :   FF;
	368F   :   FF;
	3690   :   FF;
	3691   :   FF;
	3692   :   FF;
	3693   :   FF;
	3694   :   FF;
	3695   :   FF;
	3696   :   FF;
	3697   :   FF;
	3698   :   FF;
	3699   :   FF;
	369A   :   FF;
	369B   :   FF;
	369C   :   FF;
	369D   :   FF;
	369E   :   FF;
	369F   :   FF;
	36A0   :   FF;
	36A1   :   FF;
	36A2   :   FF;
	36A3   :   FF;
	36A4   :   FF;
	36A5   :   FF;
	36A6   :   FF;
	36A7   :   FF;
	36A8   :   FF;
	36A9   :   FF;
	36AA   :   FF;
	36AB   :   FF;
	36AC   :   FF;
	36AD   :   FF;
	36AE   :   FF;
	36AF   :   FF;
	36B0   :   FF;
	36B1   :   FF;
	36B2   :   FF;
	36B3   :   FF;
	36B4   :   FF;
	36B5   :   FF;
	36B6   :   FF;
	36B7   :   FF;
	36B8   :   FF;
	36B9   :   FF;
	36BA   :   FF;
	36BB   :   FF;
	36BC   :   FF;
	36BD   :   FF;
	36BE   :   FF;
	36BF   :   FF;
	36C0   :   FF;
	36C1   :   FF;
	36C2   :   FF;
	36C3   :   FF;
	36C4   :   FF;
	36C5   :   FF;
	36C6   :   FF;
	36C7   :   FF;
	36C8   :   FF;
	36C9   :   FF;
	36CA   :   FF;
	36CB   :   FF;
	36CC   :   FF;
	36CD   :   FF;
	36CE   :   FF;
	36CF   :   FF;
	36D0   :   FF;
	36D1   :   FF;
	36D2   :   FF;
	36D3   :   FF;
	36D4   :   FF;
	36D5   :   FF;
	36D6   :   FF;
	36D7   :   FF;
	36D8   :   FF;
	36D9   :   FF;
	36DA   :   FF;
	36DB   :   FF;
	36DC   :   FF;
	36DD   :   FF;
	36DE   :   FF;
	36DF   :   FF;
	36E0   :   FF;
	36E1   :   FF;
	36E2   :   FF;
	36E3   :   FF;
	36E4   :   FF;
	36E5   :   FF;
	36E6   :   FF;
	36E7   :   FF;
	36E8   :   FF;
	36E9   :   FF;
	36EA   :   FF;
	36EB   :   FF;
	36EC   :   FF;
	36ED   :   FF;
	36EE   :   FF;
	36EF   :   FF;
	36F0   :   FF;
	36F1   :   FF;
	36F2   :   FF;
	36F3   :   FF;
	36F4   :   FF;
	36F5   :   FF;
	36F6   :   FF;
	36F7   :   FF;
	36F8   :   FF;
	36F9   :   FF;
	36FA   :   FF;
	36FB   :   FF;
	36FC   :   FF;
	36FD   :   FF;
	36FE   :   FF;
	36FF   :   FF;
	3700   :   FF;
	3701   :   FF;
	3702   :   FF;
	3703   :   FF;
	3704   :   FF;
	3705   :   FF;
	3706   :   FF;
	3707   :   FF;
	3708   :   FF;
	3709   :   FF;
	370A   :   FF;
	370B   :   FF;
	370C   :   FF;
	370D   :   FF;
	370E   :   FF;
	370F   :   FF;
	3710   :   FF;
	3711   :   FF;
	3712   :   FF;
	3713   :   FF;
	3714   :   FF;
	3715   :   FF;
	3716   :   FF;
	3717   :   FF;
	3718   :   FF;
	3719   :   FF;
	371A   :   FF;
	371B   :   FF;
	371C   :   FF;
	371D   :   FF;
	371E   :   FF;
	371F   :   FF;
	3720   :   FF;
	3721   :   FF;
	3722   :   FF;
	3723   :   FF;
	3724   :   FF;
	3725   :   FF;
	3726   :   FF;
	3727   :   FF;
	3728   :   FF;
	3729   :   FF;
	372A   :   FF;
	372B   :   FF;
	372C   :   FF;
	372D   :   FF;
	372E   :   FF;
	372F   :   FF;
	3730   :   FF;
	3731   :   FF;
	3732   :   FF;
	3733   :   FF;
	3734   :   FF;
	3735   :   FF;
	3736   :   FF;
	3737   :   FF;
	3738   :   FF;
	3739   :   FF;
	373A   :   FF;
	373B   :   FF;
	373C   :   FF;
	373D   :   FF;
	373E   :   FF;
	373F   :   FF;
	3740   :   FF;
	3741   :   FF;
	3742   :   FF;
	3743   :   FF;
	3744   :   FF;
	3745   :   FF;
	3746   :   FF;
	3747   :   FF;
	3748   :   FF;
	3749   :   FF;
	374A   :   FF;
	374B   :   FF;
	374C   :   FF;
	374D   :   FF;
	374E   :   FF;
	374F   :   FF;
	3750   :   FF;
	3751   :   FF;
	3752   :   FF;
	3753   :   FF;
	3754   :   FF;
	3755   :   FF;
	3756   :   FF;
	3757   :   FF;
	3758   :   FF;
	3759   :   FF;
	375A   :   FF;
	375B   :   FF;
	375C   :   FF;
	375D   :   FF;
	375E   :   FF;
	375F   :   FF;
	3760   :   FF;
	3761   :   FF;
	3762   :   FF;
	3763   :   FF;
	3764   :   FF;
	3765   :   FF;
	3766   :   FF;
	3767   :   FF;
	3768   :   FF;
	3769   :   FF;
	376A   :   FF;
	376B   :   FF;
	376C   :   FF;
	376D   :   FF;
	376E   :   FF;
	376F   :   FF;
	3770   :   FF;
	3771   :   FF;
	3772   :   FF;
	3773   :   FF;
	3774   :   FF;
	3775   :   FF;
	3776   :   FF;
	3777   :   FF;
	3778   :   FF;
	3779   :   FF;
	377A   :   FF;
	377B   :   FF;
	377C   :   FF;
	377D   :   FF;
	377E   :   FF;
	377F   :   FF;
	3780   :   FF;
	3781   :   FF;
	3782   :   FF;
	3783   :   FF;
	3784   :   FF;
	3785   :   FF;
	3786   :   FF;
	3787   :   FF;
	3788   :   FF;
	3789   :   FF;
	378A   :   FF;
	378B   :   FF;
	378C   :   FF;
	378D   :   FF;
	378E   :   FF;
	378F   :   FF;
	3790   :   FF;
	3791   :   FF;
	3792   :   FF;
	3793   :   FF;
	3794   :   FF;
	3795   :   FF;
	3796   :   FF;
	3797   :   FF;
	3798   :   FF;
	3799   :   FF;
	379A   :   FF;
	379B   :   FF;
	379C   :   FF;
	379D   :   FF;
	379E   :   FF;
	379F   :   FF;
	37A0   :   FF;
	37A1   :   FF;
	37A2   :   FF;
	37A3   :   FF;
	37A4   :   FF;
	37A5   :   FF;
	37A6   :   FF;
	37A7   :   FF;
	37A8   :   FF;
	37A9   :   FF;
	37AA   :   FF;
	37AB   :   FF;
	37AC   :   FF;
	37AD   :   FF;
	37AE   :   FF;
	37AF   :   FF;
	37B0   :   FF;
	37B1   :   FF;
	37B2   :   FF;
	37B3   :   FF;
	37B4   :   FF;
	37B5   :   FF;
	37B6   :   FF;
	37B7   :   FF;
	37B8   :   FF;
	37B9   :   FF;
	37BA   :   FF;
	37BB   :   FF;
	37BC   :   FF;
	37BD   :   FF;
	37BE   :   FF;
	37BF   :   FF;
	37C0   :   FF;
	37C1   :   FF;
	37C2   :   FF;
	37C3   :   FF;
	37C4   :   FF;
	37C5   :   FF;
	37C6   :   FF;
	37C7   :   FF;
	37C8   :   FF;
	37C9   :   FF;
	37CA   :   FF;
	37CB   :   FF;
	37CC   :   FF;
	37CD   :   FF;
	37CE   :   FF;
	37CF   :   FF;
	37D0   :   FF;
	37D1   :   FF;
	37D2   :   FF;
	37D3   :   FF;
	37D4   :   FF;
	37D5   :   FF;
	37D6   :   FF;
	37D7   :   FF;
	37D8   :   FF;
	37D9   :   FF;
	37DA   :   FF;
	37DB   :   FF;
	37DC   :   FF;
	37DD   :   FF;
	37DE   :   FF;
	37DF   :   FF;
	37E0   :   FF;
	37E1   :   FF;
	37E2   :   FF;
	37E3   :   FF;
	37E4   :   FF;
	37E5   :   FF;
	37E6   :   FF;
	37E7   :   FF;
	37E8   :   FF;
	37E9   :   FF;
	37EA   :   FF;
	37EB   :   FF;
	37EC   :   FF;
	37ED   :   FF;
	37EE   :   FF;
	37EF   :   FF;
	37F0   :   FF;
	37F1   :   FF;
	37F2   :   FF;
	37F3   :   FF;
	37F4   :   FF;
	37F5   :   FF;
	37F6   :   FF;
	37F7   :   FF;
	37F8   :   FF;
	37F9   :   FF;
	37FA   :   FF;
	37FB   :   FF;
	37FC   :   FF;
	37FD   :   FF;
	37FE   :   FF;
	37FF   :   FF;
	3800   :   FF;
	3801   :   FF;
	3802   :   FF;
	3803   :   FF;
	3804   :   FF;
	3805   :   FF;
	3806   :   FF;
	3807   :   FF;
	3808   :   FF;
	3809   :   FF;
	380A   :   FF;
	380B   :   FF;
	380C   :   FF;
	380D   :   FF;
	380E   :   FF;
	380F   :   FF;
	3810   :   FF;
	3811   :   FF;
	3812   :   FF;
	3813   :   FF;
	3814   :   FF;
	3815   :   FF;
	3816   :   FF;
	3817   :   FF;
	3818   :   FF;
	3819   :   FF;
	381A   :   FF;
	381B   :   FF;
	381C   :   FF;
	381D   :   FF;
	381E   :   FF;
	381F   :   FF;
	3820   :   FF;
	3821   :   FF;
	3822   :   FF;
	3823   :   FF;
	3824   :   FF;
	3825   :   FF;
	3826   :   FF;
	3827   :   FF;
	3828   :   FF;
	3829   :   FF;
	382A   :   FF;
	382B   :   FF;
	382C   :   FF;
	382D   :   FF;
	382E   :   FF;
	382F   :   FF;
	3830   :   FF;
	3831   :   FF;
	3832   :   FF;
	3833   :   FF;
	3834   :   FF;
	3835   :   FF;
	3836   :   FF;
	3837   :   FF;
	3838   :   FF;
	3839   :   FF;
	383A   :   FF;
	383B   :   FF;
	383C   :   FF;
	383D   :   FF;
	383E   :   FF;
	383F   :   FF;
	3840   :   FF;
	3841   :   FF;
	3842   :   FF;
	3843   :   FF;
	3844   :   FF;
	3845   :   FF;
	3846   :   FF;
	3847   :   FF;
	3848   :   FF;
	3849   :   FF;
	384A   :   FF;
	384B   :   FF;
	384C   :   FF;
	384D   :   FF;
	384E   :   FF;
	384F   :   FF;
	3850   :   FF;
	3851   :   FF;
	3852   :   FF;
	3853   :   FF;
	3854   :   FF;
	3855   :   FF;
	3856   :   FF;
	3857   :   FF;
	3858   :   FF;
	3859   :   FF;
	385A   :   FF;
	385B   :   FF;
	385C   :   FF;
	385D   :   FF;
	385E   :   FF;
	385F   :   FF;
	3860   :   FF;
	3861   :   FF;
	3862   :   FF;
	3863   :   FF;
	3864   :   FF;
	3865   :   FF;
	3866   :   FF;
	3867   :   FF;
	3868   :   FF;
	3869   :   FF;
	386A   :   FF;
	386B   :   FF;
	386C   :   FF;
	386D   :   FF;
	386E   :   FF;
	386F   :   FF;
	3870   :   FF;
	3871   :   FF;
	3872   :   FF;
	3873   :   FF;
	3874   :   FF;
	3875   :   FF;
	3876   :   FF;
	3877   :   FF;
	3878   :   FF;
	3879   :   FF;
	387A   :   FF;
	387B   :   FF;
	387C   :   FF;
	387D   :   FF;
	387E   :   FF;
	387F   :   FF;
	3880   :   FF;
	3881   :   FF;
	3882   :   FF;
	3883   :   FF;
	3884   :   FF;
	3885   :   FF;
	3886   :   FF;
	3887   :   FF;
	3888   :   FF;
	3889   :   FF;
	388A   :   FF;
	388B   :   FF;
	388C   :   FF;
	388D   :   FF;
	388E   :   FF;
	388F   :   FF;
	3890   :   FF;
	3891   :   FF;
	3892   :   FF;
	3893   :   FF;
	3894   :   FF;
	3895   :   FF;
	3896   :   FF;
	3897   :   FF;
	3898   :   FF;
	3899   :   FF;
	389A   :   FF;
	389B   :   FF;
	389C   :   FF;
	389D   :   FF;
	389E   :   FF;
	389F   :   FF;
	38A0   :   FF;
	38A1   :   FF;
	38A2   :   FF;
	38A3   :   FF;
	38A4   :   FF;
	38A5   :   FF;
	38A6   :   FF;
	38A7   :   FF;
	38A8   :   FF;
	38A9   :   FF;
	38AA   :   FF;
	38AB   :   FF;
	38AC   :   FF;
	38AD   :   FF;
	38AE   :   FF;
	38AF   :   FF;
	38B0   :   FF;
	38B1   :   FF;
	38B2   :   FF;
	38B3   :   FF;
	38B4   :   FF;
	38B5   :   FF;
	38B6   :   FF;
	38B7   :   FF;
	38B8   :   FF;
	38B9   :   FF;
	38BA   :   FF;
	38BB   :   FF;
	38BC   :   FF;
	38BD   :   FF;
	38BE   :   FF;
	38BF   :   FF;
	38C0   :   FF;
	38C1   :   FF;
	38C2   :   FF;
	38C3   :   FF;
	38C4   :   FF;
	38C5   :   FF;
	38C6   :   FF;
	38C7   :   FF;
	38C8   :   FF;
	38C9   :   FF;
	38CA   :   FF;
	38CB   :   FF;
	38CC   :   FF;
	38CD   :   FF;
	38CE   :   FF;
	38CF   :   FF;
	38D0   :   FF;
	38D1   :   FF;
	38D2   :   FF;
	38D3   :   FF;
	38D4   :   FF;
	38D5   :   FF;
	38D6   :   FF;
	38D7   :   FF;
	38D8   :   FF;
	38D9   :   FF;
	38DA   :   FF;
	38DB   :   FF;
	38DC   :   FF;
	38DD   :   FF;
	38DE   :   FF;
	38DF   :   FF;
	38E0   :   FF;
	38E1   :   FF;
	38E2   :   FF;
	38E3   :   FF;
	38E4   :   FF;
	38E5   :   FF;
	38E6   :   FF;
	38E7   :   FF;
	38E8   :   FF;
	38E9   :   FF;
	38EA   :   FF;
	38EB   :   FF;
	38EC   :   FF;
	38ED   :   FF;
	38EE   :   FF;
	38EF   :   FF;
	38F0   :   FF;
	38F1   :   FF;
	38F2   :   FF;
	38F3   :   FF;
	38F4   :   FF;
	38F5   :   FF;
	38F6   :   FF;
	38F7   :   FF;
	38F8   :   FF;
	38F9   :   FF;
	38FA   :   FF;
	38FB   :   FF;
	38FC   :   FF;
	38FD   :   FF;
	38FE   :   FF;
	38FF   :   FF;
	3900   :   FF;
	3901   :   FF;
	3902   :   FF;
	3903   :   FF;
	3904   :   FF;
	3905   :   FF;
	3906   :   FF;
	3907   :   FF;
	3908   :   FF;
	3909   :   FF;
	390A   :   FF;
	390B   :   FF;
	390C   :   FF;
	390D   :   FF;
	390E   :   FF;
	390F   :   FF;
	3910   :   FF;
	3911   :   FF;
	3912   :   FF;
	3913   :   FF;
	3914   :   FF;
	3915   :   FF;
	3916   :   FF;
	3917   :   FF;
	3918   :   FF;
	3919   :   FF;
	391A   :   FF;
	391B   :   FF;
	391C   :   FF;
	391D   :   FF;
	391E   :   FF;
	391F   :   FF;
	3920   :   FF;
	3921   :   FF;
	3922   :   FF;
	3923   :   FF;
	3924   :   FF;
	3925   :   FF;
	3926   :   FF;
	3927   :   FF;
	3928   :   FF;
	3929   :   FF;
	392A   :   FF;
	392B   :   FF;
	392C   :   FF;
	392D   :   FF;
	392E   :   FF;
	392F   :   FF;
	3930   :   FF;
	3931   :   FF;
	3932   :   FF;
	3933   :   FF;
	3934   :   FF;
	3935   :   FF;
	3936   :   FF;
	3937   :   FF;
	3938   :   FF;
	3939   :   FF;
	393A   :   FF;
	393B   :   FF;
	393C   :   FF;
	393D   :   FF;
	393E   :   FF;
	393F   :   FF;
	3940   :   FF;
	3941   :   FF;
	3942   :   FF;
	3943   :   FF;
	3944   :   FF;
	3945   :   FF;
	3946   :   FF;
	3947   :   FF;
	3948   :   FF;
	3949   :   FF;
	394A   :   FF;
	394B   :   FF;
	394C   :   FF;
	394D   :   FF;
	394E   :   FF;
	394F   :   FF;
	3950   :   FF;
	3951   :   FF;
	3952   :   FF;
	3953   :   FF;
	3954   :   FF;
	3955   :   FF;
	3956   :   FF;
	3957   :   FF;
	3958   :   FF;
	3959   :   FF;
	395A   :   FF;
	395B   :   FF;
	395C   :   FF;
	395D   :   FF;
	395E   :   FF;
	395F   :   FF;
	3960   :   FF;
	3961   :   FF;
	3962   :   FF;
	3963   :   FF;
	3964   :   FF;
	3965   :   FF;
	3966   :   FF;
	3967   :   FF;
	3968   :   FF;
	3969   :   FF;
	396A   :   FF;
	396B   :   FF;
	396C   :   FF;
	396D   :   FF;
	396E   :   FF;
	396F   :   FF;
	3970   :   FF;
	3971   :   FF;
	3972   :   FF;
	3973   :   FF;
	3974   :   FF;
	3975   :   FF;
	3976   :   FF;
	3977   :   FF;
	3978   :   FF;
	3979   :   FF;
	397A   :   FF;
	397B   :   FF;
	397C   :   FF;
	397D   :   FF;
	397E   :   FF;
	397F   :   FF;
	3980   :   FF;
	3981   :   FF;
	3982   :   FF;
	3983   :   FF;
	3984   :   FF;
	3985   :   FF;
	3986   :   FF;
	3987   :   FF;
	3988   :   FF;
	3989   :   FF;
	398A   :   FF;
	398B   :   FF;
	398C   :   FF;
	398D   :   FF;
	398E   :   FF;
	398F   :   FF;
	3990   :   FF;
	3991   :   FF;
	3992   :   FF;
	3993   :   FF;
	3994   :   FF;
	3995   :   FF;
	3996   :   FF;
	3997   :   FF;
	3998   :   FF;
	3999   :   FF;
	399A   :   FF;
	399B   :   FF;
	399C   :   FF;
	399D   :   FF;
	399E   :   FF;
	399F   :   FF;
	39A0   :   FF;
	39A1   :   FF;
	39A2   :   FF;
	39A3   :   FF;
	39A4   :   FF;
	39A5   :   FF;
	39A6   :   FF;
	39A7   :   FF;
	39A8   :   FF;
	39A9   :   FF;
	39AA   :   FF;
	39AB   :   FF;
	39AC   :   FF;
	39AD   :   FF;
	39AE   :   FF;
	39AF   :   FF;
	39B0   :   FF;
	39B1   :   FF;
	39B2   :   FF;
	39B3   :   FF;
	39B4   :   FF;
	39B5   :   FF;
	39B6   :   FF;
	39B7   :   FF;
	39B8   :   FF;
	39B9   :   FF;
	39BA   :   FF;
	39BB   :   FF;
	39BC   :   FF;
	39BD   :   FF;
	39BE   :   FF;
	39BF   :   FF;
	39C0   :   FF;
	39C1   :   FF;
	39C2   :   FF;
	39C3   :   FF;
	39C4   :   FF;
	39C5   :   FF;
	39C6   :   FF;
	39C7   :   FF;
	39C8   :   FF;
	39C9   :   FF;
	39CA   :   FF;
	39CB   :   FF;
	39CC   :   FF;
	39CD   :   FF;
	39CE   :   FF;
	39CF   :   FF;
	39D0   :   FF;
	39D1   :   FF;
	39D2   :   FF;
	39D3   :   FF;
	39D4   :   FF;
	39D5   :   FF;
	39D6   :   FF;
	39D7   :   FF;
	39D8   :   FF;
	39D9   :   FF;
	39DA   :   FF;
	39DB   :   FF;
	39DC   :   FF;
	39DD   :   FF;
	39DE   :   FF;
	39DF   :   FF;
	39E0   :   FF;
	39E1   :   FF;
	39E2   :   FF;
	39E3   :   FF;
	39E4   :   FF;
	39E5   :   FF;
	39E6   :   FF;
	39E7   :   FF;
	39E8   :   FF;
	39E9   :   FF;
	39EA   :   FF;
	39EB   :   FF;
	39EC   :   FF;
	39ED   :   FF;
	39EE   :   FF;
	39EF   :   FF;
	39F0   :   FF;
	39F1   :   FF;
	39F2   :   FF;
	39F3   :   FF;
	39F4   :   FF;
	39F5   :   FF;
	39F6   :   FF;
	39F7   :   FF;
	39F8   :   FF;
	39F9   :   FF;
	39FA   :   FF;
	39FB   :   FF;
	39FC   :   FF;
	39FD   :   FF;
	39FE   :   FF;
	39FF   :   FF;
	3A00   :   FF;
	3A01   :   FF;
	3A02   :   FF;
	3A03   :   FF;
	3A04   :   FF;
	3A05   :   FF;
	3A06   :   FF;
	3A07   :   FF;
	3A08   :   FF;
	3A09   :   FF;
	3A0A   :   FF;
	3A0B   :   FF;
	3A0C   :   FF;
	3A0D   :   FF;
	3A0E   :   FF;
	3A0F   :   FF;
	3A10   :   FF;
	3A11   :   FF;
	3A12   :   FF;
	3A13   :   FF;
	3A14   :   FF;
	3A15   :   FF;
	3A16   :   FF;
	3A17   :   FF;
	3A18   :   FF;
	3A19   :   FF;
	3A1A   :   FF;
	3A1B   :   FF;
	3A1C   :   FF;
	3A1D   :   FF;
	3A1E   :   FF;
	3A1F   :   FF;
	3A20   :   FF;
	3A21   :   FF;
	3A22   :   FF;
	3A23   :   FF;
	3A24   :   FF;
	3A25   :   FF;
	3A26   :   FF;
	3A27   :   FF;
	3A28   :   FF;
	3A29   :   FF;
	3A2A   :   FF;
	3A2B   :   FF;
	3A2C   :   FF;
	3A2D   :   FF;
	3A2E   :   FF;
	3A2F   :   FF;
	3A30   :   FF;
	3A31   :   FF;
	3A32   :   FF;
	3A33   :   FF;
	3A34   :   FF;
	3A35   :   FF;
	3A36   :   FF;
	3A37   :   FF;
	3A38   :   FF;
	3A39   :   FF;
	3A3A   :   FF;
	3A3B   :   FF;
	3A3C   :   FF;
	3A3D   :   FF;
	3A3E   :   FF;
	3A3F   :   FF;
	3A40   :   FF;
	3A41   :   FF;
	3A42   :   FF;
	3A43   :   FF;
	3A44   :   FF;
	3A45   :   FF;
	3A46   :   FF;
	3A47   :   FF;
	3A48   :   FF;
	3A49   :   FF;
	3A4A   :   FF;
	3A4B   :   FF;
	3A4C   :   FF;
	3A4D   :   FF;
	3A4E   :   FF;
	3A4F   :   FF;
	3A50   :   FF;
	3A51   :   FF;
	3A52   :   FF;
	3A53   :   FF;
	3A54   :   FF;
	3A55   :   FF;
	3A56   :   FF;
	3A57   :   FF;
	3A58   :   FF;
	3A59   :   FF;
	3A5A   :   FF;
	3A5B   :   FF;
	3A5C   :   FF;
	3A5D   :   FF;
	3A5E   :   FF;
	3A5F   :   FF;
	3A60   :   FF;
	3A61   :   FF;
	3A62   :   FF;
	3A63   :   FF;
	3A64   :   FF;
	3A65   :   FF;
	3A66   :   FF;
	3A67   :   FF;
	3A68   :   FF;
	3A69   :   FF;
	3A6A   :   FF;
	3A6B   :   FF;
	3A6C   :   FF;
	3A6D   :   FF;
	3A6E   :   FF;
	3A6F   :   FF;
	3A70   :   FF;
	3A71   :   FF;
	3A72   :   FF;
	3A73   :   FF;
	3A74   :   FF;
	3A75   :   FF;
	3A76   :   FF;
	3A77   :   FF;
	3A78   :   FF;
	3A79   :   FF;
	3A7A   :   FF;
	3A7B   :   FF;
	3A7C   :   FF;
	3A7D   :   FF;
	3A7E   :   FF;
	3A7F   :   FF;
	3A80   :   FF;
	3A81   :   FF;
	3A82   :   FF;
	3A83   :   FF;
	3A84   :   FF;
	3A85   :   FF;
	3A86   :   FF;
	3A87   :   FF;
	3A88   :   FF;
	3A89   :   FF;
	3A8A   :   FF;
	3A8B   :   FF;
	3A8C   :   FF;
	3A8D   :   FF;
	3A8E   :   FF;
	3A8F   :   FF;
	3A90   :   FF;
	3A91   :   FF;
	3A92   :   FF;
	3A93   :   FF;
	3A94   :   FF;
	3A95   :   FF;
	3A96   :   FF;
	3A97   :   FF;
	3A98   :   FF;
	3A99   :   FF;
	3A9A   :   FF;
	3A9B   :   FF;
	3A9C   :   FF;
	3A9D   :   FF;
	3A9E   :   FF;
	3A9F   :   FF;
	3AA0   :   FF;
	3AA1   :   FF;
	3AA2   :   FF;
	3AA3   :   FF;
	3AA4   :   FF;
	3AA5   :   FF;
	3AA6   :   FF;
	3AA7   :   FF;
	3AA8   :   FF;
	3AA9   :   FF;
	3AAA   :   FF;
	3AAB   :   FF;
	3AAC   :   FF;
	3AAD   :   FF;
	3AAE   :   FF;
	3AAF   :   FF;
	3AB0   :   FF;
	3AB1   :   FF;
	3AB2   :   FF;
	3AB3   :   FF;
	3AB4   :   FF;
	3AB5   :   FF;
	3AB6   :   FF;
	3AB7   :   FF;
	3AB8   :   FF;
	3AB9   :   FF;
	3ABA   :   FF;
	3ABB   :   FF;
	3ABC   :   FF;
	3ABD   :   FF;
	3ABE   :   FF;
	3ABF   :   FF;
	3AC0   :   FF;
	3AC1   :   FF;
	3AC2   :   FF;
	3AC3   :   FF;
	3AC4   :   FF;
	3AC5   :   FF;
	3AC6   :   FF;
	3AC7   :   FF;
	3AC8   :   FF;
	3AC9   :   FF;
	3ACA   :   FF;
	3ACB   :   FF;
	3ACC   :   FF;
	3ACD   :   FF;
	3ACE   :   FF;
	3ACF   :   FF;
	3AD0   :   FF;
	3AD1   :   FF;
	3AD2   :   FF;
	3AD3   :   FF;
	3AD4   :   FF;
	3AD5   :   FF;
	3AD6   :   FF;
	3AD7   :   FF;
	3AD8   :   FF;
	3AD9   :   FF;
	3ADA   :   FF;
	3ADB   :   FF;
	3ADC   :   FF;
	3ADD   :   FF;
	3ADE   :   FF;
	3ADF   :   FF;
	3AE0   :   FF;
	3AE1   :   FF;
	3AE2   :   FF;
	3AE3   :   FF;
	3AE4   :   FF;
	3AE5   :   FF;
	3AE6   :   FF;
	3AE7   :   FF;
	3AE8   :   FF;
	3AE9   :   FF;
	3AEA   :   FF;
	3AEB   :   FF;
	3AEC   :   FF;
	3AED   :   FF;
	3AEE   :   FF;
	3AEF   :   FF;
	3AF0   :   FF;
	3AF1   :   FF;
	3AF2   :   FF;
	3AF3   :   FF;
	3AF4   :   FF;
	3AF5   :   FF;
	3AF6   :   FF;
	3AF7   :   FF;
	3AF8   :   FF;
	3AF9   :   FF;
	3AFA   :   FF;
	3AFB   :   FF;
	3AFC   :   FF;
	3AFD   :   FF;
	3AFE   :   FF;
	3AFF   :   FF;
	3B00   :   FF;
	3B01   :   FF;
	3B02   :   FF;
	3B03   :   FF;
	3B04   :   FF;
	3B05   :   FF;
	3B06   :   FF;
	3B07   :   FF;
	3B08   :   FF;
	3B09   :   FF;
	3B0A   :   FF;
	3B0B   :   FF;
	3B0C   :   FF;
	3B0D   :   FF;
	3B0E   :   FF;
	3B0F   :   FF;
	3B10   :   FF;
	3B11   :   FF;
	3B12   :   FF;
	3B13   :   FF;
	3B14   :   FF;
	3B15   :   FF;
	3B16   :   FF;
	3B17   :   FF;
	3B18   :   FF;
	3B19   :   FF;
	3B1A   :   FF;
	3B1B   :   FF;
	3B1C   :   FF;
	3B1D   :   FF;
	3B1E   :   FF;
	3B1F   :   FF;
	3B20   :   FF;
	3B21   :   FF;
	3B22   :   FF;
	3B23   :   FF;
	3B24   :   FF;
	3B25   :   FF;
	3B26   :   FF;
	3B27   :   FF;
	3B28   :   FF;
	3B29   :   FF;
	3B2A   :   FF;
	3B2B   :   FF;
	3B2C   :   FF;
	3B2D   :   FF;
	3B2E   :   FF;
	3B2F   :   FF;
	3B30   :   FF;
	3B31   :   FF;
	3B32   :   FF;
	3B33   :   FF;
	3B34   :   FF;
	3B35   :   FF;
	3B36   :   FF;
	3B37   :   FF;
	3B38   :   FF;
	3B39   :   FF;
	3B3A   :   FF;
	3B3B   :   FF;
	3B3C   :   FF;
	3B3D   :   FF;
	3B3E   :   FF;
	3B3F   :   FF;
	3B40   :   FF;
	3B41   :   FF;
	3B42   :   FF;
	3B43   :   FF;
	3B44   :   FF;
	3B45   :   FF;
	3B46   :   FF;
	3B47   :   FF;
	3B48   :   FF;
	3B49   :   FF;
	3B4A   :   FF;
	3B4B   :   FF;
	3B4C   :   FF;
	3B4D   :   FF;
	3B4E   :   FF;
	3B4F   :   FF;
	3B50   :   FF;
	3B51   :   FF;
	3B52   :   FF;
	3B53   :   FF;
	3B54   :   FF;
	3B55   :   FF;
	3B56   :   FF;
	3B57   :   FF;
	3B58   :   FF;
	3B59   :   FF;
	3B5A   :   FF;
	3B5B   :   FF;
	3B5C   :   FF;
	3B5D   :   FF;
	3B5E   :   FF;
	3B5F   :   FF;
	3B60   :   FF;
	3B61   :   FF;
	3B62   :   FF;
	3B63   :   FF;
	3B64   :   FF;
	3B65   :   FF;
	3B66   :   FF;
	3B67   :   FF;
	3B68   :   FF;
	3B69   :   FF;
	3B6A   :   FF;
	3B6B   :   FF;
	3B6C   :   FF;
	3B6D   :   FF;
	3B6E   :   FF;
	3B6F   :   FF;
	3B70   :   FF;
	3B71   :   FF;
	3B72   :   FF;
	3B73   :   FF;
	3B74   :   FF;
	3B75   :   FF;
	3B76   :   FF;
	3B77   :   FF;
	3B78   :   FF;
	3B79   :   FF;
	3B7A   :   FF;
	3B7B   :   FF;
	3B7C   :   FF;
	3B7D   :   FF;
	3B7E   :   FF;
	3B7F   :   FF;
	3B80   :   FF;
	3B81   :   FF;
	3B82   :   FF;
	3B83   :   FF;
	3B84   :   FF;
	3B85   :   FF;
	3B86   :   FF;
	3B87   :   FF;
	3B88   :   FF;
	3B89   :   FF;
	3B8A   :   FF;
	3B8B   :   FF;
	3B8C   :   FF;
	3B8D   :   FF;
	3B8E   :   FF;
	3B8F   :   FF;
	3B90   :   FF;
	3B91   :   FF;
	3B92   :   FF;
	3B93   :   FF;
	3B94   :   FF;
	3B95   :   FF;
	3B96   :   FF;
	3B97   :   FF;
	3B98   :   FF;
	3B99   :   FF;
	3B9A   :   FF;
	3B9B   :   FF;
	3B9C   :   FF;
	3B9D   :   FF;
	3B9E   :   FF;
	3B9F   :   FF;
	3BA0   :   FF;
	3BA1   :   FF;
	3BA2   :   FF;
	3BA3   :   FF;
	3BA4   :   FF;
	3BA5   :   FF;
	3BA6   :   FF;
	3BA7   :   FF;
	3BA8   :   FF;
	3BA9   :   FF;
	3BAA   :   FF;
	3BAB   :   FF;
	3BAC   :   FF;
	3BAD   :   FF;
	3BAE   :   FF;
	3BAF   :   FF;
	3BB0   :   FF;
	3BB1   :   FF;
	3BB2   :   FF;
	3BB3   :   FF;
	3BB4   :   FF;
	3BB5   :   FF;
	3BB6   :   FF;
	3BB7   :   FF;
	3BB8   :   FF;
	3BB9   :   FF;
	3BBA   :   FF;
	3BBB   :   FF;
	3BBC   :   FF;
	3BBD   :   FF;
	3BBE   :   FF;
	3BBF   :   FF;
	3BC0   :   FF;
	3BC1   :   FF;
	3BC2   :   FF;
	3BC3   :   FF;
	3BC4   :   FF;
	3BC5   :   FF;
	3BC6   :   FF;
	3BC7   :   FF;
	3BC8   :   FF;
	3BC9   :   FF;
	3BCA   :   FF;
	3BCB   :   FF;
	3BCC   :   FF;
	3BCD   :   FF;
	3BCE   :   FF;
	3BCF   :   FF;
	3BD0   :   FF;
	3BD1   :   FF;
	3BD2   :   FF;
	3BD3   :   FF;
	3BD4   :   FF;
	3BD5   :   FF;
	3BD6   :   FF;
	3BD7   :   FF;
	3BD8   :   FF;
	3BD9   :   FF;
	3BDA   :   FF;
	3BDB   :   FF;
	3BDC   :   FF;
	3BDD   :   FF;
	3BDE   :   FF;
	3BDF   :   FF;
	3BE0   :   FF;
	3BE1   :   FF;
	3BE2   :   FF;
	3BE3   :   FF;
	3BE4   :   FF;
	3BE5   :   FF;
	3BE6   :   FF;
	3BE7   :   FF;
	3BE8   :   FF;
	3BE9   :   FF;
	3BEA   :   FF;
	3BEB   :   FF;
	3BEC   :   FF;
	3BED   :   FF;
	3BEE   :   FF;
	3BEF   :   FF;
	3BF0   :   FF;
	3BF1   :   FF;
	3BF2   :   FF;
	3BF3   :   FF;
	3BF4   :   FF;
	3BF5   :   FF;
	3BF6   :   FF;
	3BF7   :   FF;
	3BF8   :   FF;
	3BF9   :   FF;
	3BFA   :   FF;
	3BFB   :   FF;
	3BFC   :   FF;
	3BFD   :   FF;
	3BFE   :   FF;
	3BFF   :   FF;
	3C00   :   FF;
	3C01   :   FF;
	3C02   :   FF;
	3C03   :   FF;
	3C04   :   FF;
	3C05   :   FF;
	3C06   :   FF;
	3C07   :   FF;
	3C08   :   FF;
	3C09   :   FF;
	3C0A   :   FF;
	3C0B   :   FF;
	3C0C   :   FF;
	3C0D   :   FF;
	3C0E   :   FF;
	3C0F   :   FF;
	3C10   :   FF;
	3C11   :   FF;
	3C12   :   FF;
	3C13   :   FF;
	3C14   :   FF;
	3C15   :   FF;
	3C16   :   FF;
	3C17   :   FF;
	3C18   :   FF;
	3C19   :   FF;
	3C1A   :   FF;
	3C1B   :   FF;
	3C1C   :   FF;
	3C1D   :   FF;
	3C1E   :   FF;
	3C1F   :   FF;
	3C20   :   FF;
	3C21   :   FF;
	3C22   :   FF;
	3C23   :   FF;
	3C24   :   FF;
	3C25   :   FF;
	3C26   :   FF;
	3C27   :   FF;
	3C28   :   FF;
	3C29   :   FF;
	3C2A   :   FF;
	3C2B   :   FF;
	3C2C   :   FF;
	3C2D   :   FF;
	3C2E   :   FF;
	3C2F   :   FF;
	3C30   :   FF;
	3C31   :   FF;
	3C32   :   FF;
	3C33   :   FF;
	3C34   :   FF;
	3C35   :   FF;
	3C36   :   FF;
	3C37   :   FF;
	3C38   :   FF;
	3C39   :   FF;
	3C3A   :   FF;
	3C3B   :   FF;
	3C3C   :   FF;
	3C3D   :   FF;
	3C3E   :   FF;
	3C3F   :   FF;
	3C40   :   FF;
	3C41   :   FF;
	3C42   :   FF;
	3C43   :   FF;
	3C44   :   FF;
	3C45   :   FF;
	3C46   :   FF;
	3C47   :   FF;
	3C48   :   FF;
	3C49   :   FF;
	3C4A   :   FF;
	3C4B   :   FF;
	3C4C   :   FF;
	3C4D   :   FF;
	3C4E   :   FF;
	3C4F   :   FF;
	3C50   :   FF;
	3C51   :   FF;
	3C52   :   FF;
	3C53   :   FF;
	3C54   :   FF;
	3C55   :   FF;
	3C56   :   FF;
	3C57   :   FF;
	3C58   :   FF;
	3C59   :   FF;
	3C5A   :   FF;
	3C5B   :   FF;
	3C5C   :   FF;
	3C5D   :   FF;
	3C5E   :   FF;
	3C5F   :   FF;
	3C60   :   FF;
	3C61   :   FF;
	3C62   :   FF;
	3C63   :   FF;
	3C64   :   FF;
	3C65   :   FF;
	3C66   :   FF;
	3C67   :   FF;
	3C68   :   FF;
	3C69   :   FF;
	3C6A   :   FF;
	3C6B   :   FF;
	3C6C   :   FF;
	3C6D   :   FF;
	3C6E   :   FF;
	3C6F   :   FF;
	3C70   :   FF;
	3C71   :   FF;
	3C72   :   FF;
	3C73   :   FF;
	3C74   :   FF;
	3C75   :   FF;
	3C76   :   FF;
	3C77   :   FF;
	3C78   :   FF;
	3C79   :   FF;
	3C7A   :   FF;
	3C7B   :   FF;
	3C7C   :   FF;
	3C7D   :   FF;
	3C7E   :   FF;
	3C7F   :   FF;
	3C80   :   FF;
	3C81   :   FF;
	3C82   :   FF;
	3C83   :   FF;
	3C84   :   FF;
	3C85   :   FF;
	3C86   :   FF;
	3C87   :   FF;
	3C88   :   FF;
	3C89   :   FF;
	3C8A   :   FF;
	3C8B   :   FF;
	3C8C   :   FF;
	3C8D   :   FF;
	3C8E   :   FF;
	3C8F   :   FF;
	3C90   :   FF;
	3C91   :   FF;
	3C92   :   FF;
	3C93   :   FF;
	3C94   :   FF;
	3C95   :   FF;
	3C96   :   FF;
	3C97   :   FF;
	3C98   :   FF;
	3C99   :   FF;
	3C9A   :   FF;
	3C9B   :   FF;
	3C9C   :   FF;
	3C9D   :   FF;
	3C9E   :   FF;
	3C9F   :   FF;
	3CA0   :   FF;
	3CA1   :   FF;
	3CA2   :   FF;
	3CA3   :   FF;
	3CA4   :   FF;
	3CA5   :   FF;
	3CA6   :   FF;
	3CA7   :   FF;
	3CA8   :   FF;
	3CA9   :   FF;
	3CAA   :   FF;
	3CAB   :   FF;
	3CAC   :   FF;
	3CAD   :   FF;
	3CAE   :   FF;
	3CAF   :   FF;
	3CB0   :   FF;
	3CB1   :   FF;
	3CB2   :   FF;
	3CB3   :   FF;
	3CB4   :   FF;
	3CB5   :   FF;
	3CB6   :   FF;
	3CB7   :   FF;
	3CB8   :   FF;
	3CB9   :   FF;
	3CBA   :   FF;
	3CBB   :   FF;
	3CBC   :   FF;
	3CBD   :   FF;
	3CBE   :   FF;
	3CBF   :   FF;
	3CC0   :   FF;
	3CC1   :   FF;
	3CC2   :   FF;
	3CC3   :   FF;
	3CC4   :   FF;
	3CC5   :   FF;
	3CC6   :   FF;
	3CC7   :   FF;
	3CC8   :   FF;
	3CC9   :   FF;
	3CCA   :   FF;
	3CCB   :   FF;
	3CCC   :   FF;
	3CCD   :   FF;
	3CCE   :   FF;
	3CCF   :   FF;
	3CD0   :   FF;
	3CD1   :   FF;
	3CD2   :   FF;
	3CD3   :   FF;
	3CD4   :   FF;
	3CD5   :   FF;
	3CD6   :   FF;
	3CD7   :   FF;
	3CD8   :   FF;
	3CD9   :   FF;
	3CDA   :   FF;
	3CDB   :   FF;
	3CDC   :   FF;
	3CDD   :   FF;
	3CDE   :   FF;
	3CDF   :   FF;
	3CE0   :   FF;
	3CE1   :   FF;
	3CE2   :   FF;
	3CE3   :   FF;
	3CE4   :   FF;
	3CE5   :   FF;
	3CE6   :   FF;
	3CE7   :   FF;
	3CE8   :   FF;
	3CE9   :   FF;
	3CEA   :   FF;
	3CEB   :   FF;
	3CEC   :   FF;
	3CED   :   FF;
	3CEE   :   FF;
	3CEF   :   FF;
	3CF0   :   FF;
	3CF1   :   FF;
	3CF2   :   FF;
	3CF3   :   FF;
	3CF4   :   FF;
	3CF5   :   FF;
	3CF6   :   FF;
	3CF7   :   FF;
	3CF8   :   FF;
	3CF9   :   FF;
	3CFA   :   FF;
	3CFB   :   FF;
	3CFC   :   FF;
	3CFD   :   FF;
	3CFE   :   FF;
	3CFF   :   FF;
	3D00   :   FF;
	3D01   :   FF;
	3D02   :   FF;
	3D03   :   FF;
	3D04   :   FF;
	3D05   :   FF;
	3D06   :   FF;
	3D07   :   FF;
	3D08   :   FF;
	3D09   :   FF;
	3D0A   :   FF;
	3D0B   :   FF;
	3D0C   :   FF;
	3D0D   :   FF;
	3D0E   :   FF;
	3D0F   :   FF;
	3D10   :   FF;
	3D11   :   FF;
	3D12   :   FF;
	3D13   :   FF;
	3D14   :   FF;
	3D15   :   FF;
	3D16   :   FF;
	3D17   :   FF;
	3D18   :   FF;
	3D19   :   FF;
	3D1A   :   FF;
	3D1B   :   FF;
	3D1C   :   FF;
	3D1D   :   FF;
	3D1E   :   FF;
	3D1F   :   FF;
	3D20   :   FF;
	3D21   :   FF;
	3D22   :   FF;
	3D23   :   FF;
	3D24   :   FF;
	3D25   :   FF;
	3D26   :   FF;
	3D27   :   FF;
	3D28   :   FF;
	3D29   :   FF;
	3D2A   :   FF;
	3D2B   :   FF;
	3D2C   :   FF;
	3D2D   :   FF;
	3D2E   :   FF;
	3D2F   :   FF;
	3D30   :   FF;
	3D31   :   FF;
	3D32   :   FF;
	3D33   :   FF;
	3D34   :   FF;
	3D35   :   FF;
	3D36   :   FF;
	3D37   :   FF;
	3D38   :   FF;
	3D39   :   FF;
	3D3A   :   FF;
	3D3B   :   FF;
	3D3C   :   FF;
	3D3D   :   FF;
	3D3E   :   FF;
	3D3F   :   FF;
	3D40   :   FF;
	3D41   :   FF;
	3D42   :   FF;
	3D43   :   FF;
	3D44   :   FF;
	3D45   :   FF;
	3D46   :   FF;
	3D47   :   FF;
	3D48   :   FF;
	3D49   :   FF;
	3D4A   :   FF;
	3D4B   :   FF;
	3D4C   :   FF;
	3D4D   :   FF;
	3D4E   :   FF;
	3D4F   :   FF;
	3D50   :   FF;
	3D51   :   FF;
	3D52   :   FF;
	3D53   :   FF;
	3D54   :   FF;
	3D55   :   FF;
	3D56   :   FF;
	3D57   :   FF;
	3D58   :   FF;
	3D59   :   FF;
	3D5A   :   FF;
	3D5B   :   FF;
	3D5C   :   FF;
	3D5D   :   FF;
	3D5E   :   FF;
	3D5F   :   FF;
	3D60   :   FF;
	3D61   :   FF;
	3D62   :   FF;
	3D63   :   FF;
	3D64   :   FF;
	3D65   :   FF;
	3D66   :   FF;
	3D67   :   FF;
	3D68   :   FF;
	3D69   :   FF;
	3D6A   :   FF;
	3D6B   :   FF;
	3D6C   :   FF;
	3D6D   :   FF;
	3D6E   :   FF;
	3D6F   :   FF;
	3D70   :   FF;
	3D71   :   FF;
	3D72   :   FF;
	3D73   :   FF;
	3D74   :   FF;
	3D75   :   FF;
	3D76   :   FF;
	3D77   :   FF;
	3D78   :   FF;
	3D79   :   FF;
	3D7A   :   FF;
	3D7B   :   FF;
	3D7C   :   FF;
	3D7D   :   FF;
	3D7E   :   FF;
	3D7F   :   FF;
	3D80   :   FF;
	3D81   :   FF;
	3D82   :   FF;
	3D83   :   FF;
	3D84   :   FF;
	3D85   :   FF;
	3D86   :   FF;
	3D87   :   FF;
	3D88   :   FF;
	3D89   :   FF;
	3D8A   :   FF;
	3D8B   :   FF;
	3D8C   :   FF;
	3D8D   :   FF;
	3D8E   :   FF;
	3D8F   :   FF;
	3D90   :   FF;
	3D91   :   FF;
	3D92   :   FF;
	3D93   :   FF;
	3D94   :   FF;
	3D95   :   FF;
	3D96   :   FF;
	3D97   :   FF;
	3D98   :   FF;
	3D99   :   FF;
	3D9A   :   FF;
	3D9B   :   FF;
	3D9C   :   FF;
	3D9D   :   FF;
	3D9E   :   FF;
	3D9F   :   FF;
	3DA0   :   FF;
	3DA1   :   FF;
	3DA2   :   FF;
	3DA3   :   FF;
	3DA4   :   FF;
	3DA5   :   FF;
	3DA6   :   FF;
	3DA7   :   FF;
	3DA8   :   FF;
	3DA9   :   FF;
	3DAA   :   FF;
	3DAB   :   FF;
	3DAC   :   FF;
	3DAD   :   FF;
	3DAE   :   FF;
	3DAF   :   FF;
	3DB0   :   FF;
	3DB1   :   FF;
	3DB2   :   FF;
	3DB3   :   FF;
	3DB4   :   FF;
	3DB5   :   FF;
	3DB6   :   FF;
	3DB7   :   FF;
	3DB8   :   FF;
	3DB9   :   FF;
	3DBA   :   FF;
	3DBB   :   FF;
	3DBC   :   FF;
	3DBD   :   FF;
	3DBE   :   FF;
	3DBF   :   FF;
	3DC0   :   FF;
	3DC1   :   FF;
	3DC2   :   FF;
	3DC3   :   FF;
	3DC4   :   FF;
	3DC5   :   FF;
	3DC6   :   FF;
	3DC7   :   FF;
	3DC8   :   FF;
	3DC9   :   FF;
	3DCA   :   FF;
	3DCB   :   FF;
	3DCC   :   FF;
	3DCD   :   FF;
	3DCE   :   FF;
	3DCF   :   FF;
	3DD0   :   FF;
	3DD1   :   FF;
	3DD2   :   FF;
	3DD3   :   FF;
	3DD4   :   FF;
	3DD5   :   FF;
	3DD6   :   FF;
	3DD7   :   FF;
	3DD8   :   FF;
	3DD9   :   FF;
	3DDA   :   FF;
	3DDB   :   FF;
	3DDC   :   FF;
	3DDD   :   FF;
	3DDE   :   FF;
	3DDF   :   FF;
	3DE0   :   FF;
	3DE1   :   FF;
	3DE2   :   FF;
	3DE3   :   FF;
	3DE4   :   FF;
	3DE5   :   FF;
	3DE6   :   FF;
	3DE7   :   FF;
	3DE8   :   FF;
	3DE9   :   FF;
	3DEA   :   FF;
	3DEB   :   FF;
	3DEC   :   FF;
	3DED   :   FF;
	3DEE   :   FF;
	3DEF   :   FF;
	3DF0   :   FF;
	3DF1   :   FF;
	3DF2   :   FF;
	3DF3   :   FF;
	3DF4   :   FF;
	3DF5   :   FF;
	3DF6   :   FF;
	3DF7   :   FF;
	3DF8   :   FF;
	3DF9   :   FF;
	3DFA   :   FF;
	3DFB   :   FF;
	3DFC   :   FF;
	3DFD   :   FF;
	3DFE   :   FF;
	3DFF   :   FF;
	3E00   :   FF;
	3E01   :   FF;
	3E02   :   FF;
	3E03   :   FF;
	3E04   :   FF;
	3E05   :   FF;
	3E06   :   FF;
	3E07   :   FF;
	3E08   :   FF;
	3E09   :   FF;
	3E0A   :   FF;
	3E0B   :   FF;
	3E0C   :   FF;
	3E0D   :   FF;
	3E0E   :   FF;
	3E0F   :   FF;
	3E10   :   FF;
	3E11   :   FF;
	3E12   :   FF;
	3E13   :   FF;
	3E14   :   FF;
	3E15   :   FF;
	3E16   :   FF;
	3E17   :   FF;
	3E18   :   FF;
	3E19   :   FF;
	3E1A   :   FF;
	3E1B   :   FF;
	3E1C   :   FF;
	3E1D   :   FF;
	3E1E   :   FF;
	3E1F   :   FF;
	3E20   :   FF;
	3E21   :   FF;
	3E22   :   FF;
	3E23   :   FF;
	3E24   :   FF;
	3E25   :   FF;
	3E26   :   FF;
	3E27   :   FF;
	3E28   :   FF;
	3E29   :   FF;
	3E2A   :   FF;
	3E2B   :   FF;
	3E2C   :   FF;
	3E2D   :   FF;
	3E2E   :   FF;
	3E2F   :   FF;
	3E30   :   FF;
	3E31   :   FF;
	3E32   :   FF;
	3E33   :   FF;
	3E34   :   FF;
	3E35   :   FF;
	3E36   :   FF;
	3E37   :   FF;
	3E38   :   FF;
	3E39   :   FF;
	3E3A   :   FF;
	3E3B   :   FF;
	3E3C   :   FF;
	3E3D   :   FF;
	3E3E   :   FF;
	3E3F   :   FF;
	3E40   :   FF;
	3E41   :   FF;
	3E42   :   FF;
	3E43   :   FF;
	3E44   :   FF;
	3E45   :   FF;
	3E46   :   FF;
	3E47   :   FF;
	3E48   :   FF;
	3E49   :   FF;
	3E4A   :   FF;
	3E4B   :   FF;
	3E4C   :   FF;
	3E4D   :   FF;
	3E4E   :   FF;
	3E4F   :   FF;
	3E50   :   FF;
	3E51   :   FF;
	3E52   :   FF;
	3E53   :   FF;
	3E54   :   FF;
	3E55   :   FF;
	3E56   :   FF;
	3E57   :   FF;
	3E58   :   FF;
	3E59   :   FF;
	3E5A   :   FF;
	3E5B   :   FF;
	3E5C   :   FF;
	3E5D   :   FF;
	3E5E   :   FF;
	3E5F   :   FF;
	3E60   :   FF;
	3E61   :   FF;
	3E62   :   FF;
	3E63   :   FF;
	3E64   :   FF;
	3E65   :   FF;
	3E66   :   FF;
	3E67   :   FF;
	3E68   :   FF;
	3E69   :   FF;
	3E6A   :   FF;
	3E6B   :   FF;
	3E6C   :   FF;
	3E6D   :   FF;
	3E6E   :   FF;
	3E6F   :   FF;
	3E70   :   FF;
	3E71   :   FF;
	3E72   :   FF;
	3E73   :   FF;
	3E74   :   FF;
	3E75   :   FF;
	3E76   :   FF;
	3E77   :   FF;
	3E78   :   FF;
	3E79   :   FF;
	3E7A   :   FF;
	3E7B   :   FF;
	3E7C   :   FF;
	3E7D   :   FF;
	3E7E   :   FF;
	3E7F   :   FF;
	3E80   :   FF;
	3E81   :   FF;
	3E82   :   FF;
	3E83   :   FF;
	3E84   :   FF;
	3E85   :   FF;
	3E86   :   FF;
	3E87   :   FF;
	3E88   :   FF;
	3E89   :   FF;
	3E8A   :   FF;
	3E8B   :   FF;
	3E8C   :   FF;
	3E8D   :   FF;
	3E8E   :   FF;
	3E8F   :   FF;
	3E90   :   FF;
	3E91   :   FF;
	3E92   :   FF;
	3E93   :   FF;
	3E94   :   FF;
	3E95   :   FF;
	3E96   :   FF;
	3E97   :   FF;
	3E98   :   FF;
	3E99   :   FF;
	3E9A   :   FF;
	3E9B   :   FF;
	3E9C   :   FF;
	3E9D   :   FF;
	3E9E   :   FF;
	3E9F   :   FF;
	3EA0   :   FF;
	3EA1   :   FF;
	3EA2   :   FF;
	3EA3   :   FF;
	3EA4   :   FF;
	3EA5   :   FF;
	3EA6   :   FF;
	3EA7   :   FF;
	3EA8   :   FF;
	3EA9   :   FF;
	3EAA   :   FF;
	3EAB   :   FF;
	3EAC   :   FF;
	3EAD   :   FF;
	3EAE   :   FF;
	3EAF   :   FF;
	3EB0   :   FF;
	3EB1   :   FF;
	3EB2   :   FF;
	3EB3   :   FF;
	3EB4   :   FF;
	3EB5   :   FF;
	3EB6   :   FF;
	3EB7   :   FF;
	3EB8   :   FF;
	3EB9   :   FF;
	3EBA   :   FF;
	3EBB   :   FF;
	3EBC   :   FF;
	3EBD   :   FF;
	3EBE   :   FF;
	3EBF   :   FF;
	3EC0   :   FF;
	3EC1   :   FF;
	3EC2   :   FF;
	3EC3   :   FF;
	3EC4   :   FF;
	3EC5   :   FF;
	3EC6   :   FF;
	3EC7   :   FF;
	3EC8   :   FF;
	3EC9   :   FF;
	3ECA   :   FF;
	3ECB   :   FF;
	3ECC   :   FF;
	3ECD   :   FF;
	3ECE   :   FF;
	3ECF   :   FF;
	3ED0   :   FF;
	3ED1   :   FF;
	3ED2   :   FF;
	3ED3   :   FF;
	3ED4   :   FF;
	3ED5   :   FF;
	3ED6   :   FF;
	3ED7   :   FF;
	3ED8   :   FF;
	3ED9   :   FF;
	3EDA   :   FF;
	3EDB   :   FF;
	3EDC   :   FF;
	3EDD   :   FF;
	3EDE   :   FF;
	3EDF   :   FF;
	3EE0   :   FF;
	3EE1   :   FF;
	3EE2   :   FF;
	3EE3   :   FF;
	3EE4   :   FF;
	3EE5   :   FF;
	3EE6   :   FF;
	3EE7   :   FF;
	3EE8   :   FF;
	3EE9   :   FF;
	3EEA   :   FF;
	3EEB   :   FF;
	3EEC   :   FF;
	3EED   :   FF;
	3EEE   :   FF;
	3EEF   :   FF;
	3EF0   :   FF;
	3EF1   :   FF;
	3EF2   :   FF;
	3EF3   :   FF;
	3EF4   :   FF;
	3EF5   :   FF;
	3EF6   :   FF;
	3EF7   :   FF;
	3EF8   :   FF;
	3EF9   :   FF;
	3EFA   :   FF;
	3EFB   :   FF;
	3EFC   :   FF;
	3EFD   :   FF;
	3EFE   :   FF;
	3EFF   :   FF;
	3F00   :   FF;
	3F01   :   FF;
	3F02   :   FF;
	3F03   :   FF;
	3F04   :   FF;
	3F05   :   FF;
	3F06   :   FF;
	3F07   :   FF;
	3F08   :   FF;
	3F09   :   FF;
	3F0A   :   FF;
	3F0B   :   FF;
	3F0C   :   FF;
	3F0D   :   FF;
	3F0E   :   FF;
	3F0F   :   FF;
	3F10   :   FF;
	3F11   :   FF;
	3F12   :   FF;
	3F13   :   FF;
	3F14   :   FF;
	3F15   :   FF;
	3F16   :   FF;
	3F17   :   FF;
	3F18   :   FF;
	3F19   :   FF;
	3F1A   :   FF;
	3F1B   :   FF;
	3F1C   :   FF;
	3F1D   :   FF;
	3F1E   :   FF;
	3F1F   :   FF;
	3F20   :   FF;
	3F21   :   FF;
	3F22   :   FF;
	3F23   :   FF;
	3F24   :   FF;
	3F25   :   FF;
	3F26   :   FF;
	3F27   :   FF;
	3F28   :   FF;
	3F29   :   FF;
	3F2A   :   FF;
	3F2B   :   FF;
	3F2C   :   FF;
	3F2D   :   FF;
	3F2E   :   FF;
	3F2F   :   FF;
	3F30   :   FF;
	3F31   :   FF;
	3F32   :   FF;
	3F33   :   FF;
	3F34   :   FF;
	3F35   :   FF;
	3F36   :   FF;
	3F37   :   FF;
	3F38   :   FF;
	3F39   :   FF;
	3F3A   :   FF;
	3F3B   :   FF;
	3F3C   :   FF;
	3F3D   :   FF;
	3F3E   :   FF;
	3F3F   :   FF;
	3F40   :   FF;
	3F41   :   FF;
	3F42   :   FF;
	3F43   :   FF;
	3F44   :   FF;
	3F45   :   FF;
	3F46   :   FF;
	3F47   :   FF;
	3F48   :   FF;
	3F49   :   FF;
	3F4A   :   FF;
	3F4B   :   FF;
	3F4C   :   FF;
	3F4D   :   FF;
	3F4E   :   FF;
	3F4F   :   FF;
	3F50   :   FF;
	3F51   :   FF;
	3F52   :   FF;
	3F53   :   FF;
	3F54   :   FF;
	3F55   :   FF;
	3F56   :   FF;
	3F57   :   FF;
	3F58   :   FF;
	3F59   :   FF;
	3F5A   :   FF;
	3F5B   :   FF;
	3F5C   :   FF;
	3F5D   :   FF;
	3F5E   :   FF;
	3F5F   :   FF;
	3F60   :   FF;
	3F61   :   FF;
	3F62   :   FF;
	3F63   :   FF;
	3F64   :   FF;
	3F65   :   FF;
	3F66   :   FF;
	3F67   :   FF;
	3F68   :   FF;
	3F69   :   FF;
	3F6A   :   FF;
	3F6B   :   FF;
	3F6C   :   FF;
	3F6D   :   FF;
	3F6E   :   FF;
	3F6F   :   FF;
	3F70   :   FF;
	3F71   :   FF;
	3F72   :   FF;
	3F73   :   FF;
	3F74   :   FF;
	3F75   :   FF;
	3F76   :   FF;
	3F77   :   FF;
	3F78   :   FF;
	3F79   :   FF;
	3F7A   :   FF;
	3F7B   :   FF;
	3F7C   :   FF;
	3F7D   :   FF;
	3F7E   :   FF;
	3F7F   :   FF;
	3F80   :   FF;
	3F81   :   FF;
	3F82   :   FF;
	3F83   :   FF;
	3F84   :   FF;
	3F85   :   FF;
	3F86   :   FF;
	3F87   :   FF;
	3F88   :   FF;
	3F89   :   FF;
	3F8A   :   FF;
	3F8B   :   FF;
	3F8C   :   FF;
	3F8D   :   FF;
	3F8E   :   FF;
	3F8F   :   FF;
	3F90   :   FF;
	3F91   :   FF;
	3F92   :   FF;
	3F93   :   FF;
	3F94   :   FF;
	3F95   :   FF;
	3F96   :   FF;
	3F97   :   FF;
	3F98   :   FF;
	3F99   :   FF;
	3F9A   :   FF;
	3F9B   :   FF;
	3F9C   :   FF;
	3F9D   :   FF;
	3F9E   :   FF;
	3F9F   :   FF;
	3FA0   :   FF;
	3FA1   :   FF;
	3FA2   :   FF;
	3FA3   :   FF;
	3FA4   :   FF;
	3FA5   :   FF;
	3FA6   :   FF;
	3FA7   :   FF;
	3FA8   :   FF;
	3FA9   :   FF;
	3FAA   :   FF;
	3FAB   :   FF;
	3FAC   :   FF;
	3FAD   :   FF;
	3FAE   :   FF;
	3FAF   :   FF;
	3FB0   :   FF;
	3FB1   :   FF;
	3FB2   :   FF;
	3FB3   :   FF;
	3FB4   :   FF;
	3FB5   :   FF;
	3FB6   :   FF;
	3FB7   :   FF;
	3FB8   :   FF;
	3FB9   :   FF;
	3FBA   :   FF;
	3FBB   :   FF;
	3FBC   :   FF;
	3FBD   :   FF;
	3FBE   :   FF;
	3FBF   :   FF;
	3FC0   :   FF;
	3FC1   :   FF;
	3FC2   :   FF;
	3FC3   :   FF;
	3FC4   :   FF;
	3FC5   :   FF;
	3FC6   :   FF;
	3FC7   :   FF;
	3FC8   :   FF;
	3FC9   :   FF;
	3FCA   :   FF;
	3FCB   :   FF;
	3FCC   :   FF;
	3FCD   :   FF;
	3FCE   :   FF;
	3FCF   :   FF;
	3FD0   :   FF;
	3FD1   :   FF;
	3FD2   :   FF;
	3FD3   :   FF;
	3FD4   :   FF;
	3FD5   :   FF;
	3FD6   :   FF;
	3FD7   :   FF;
	3FD8   :   FF;
	3FD9   :   FF;
	3FDA   :   FF;
	3FDB   :   FF;
	3FDC   :   FF;
	3FDD   :   FF;
	3FDE   :   FF;
	3FDF   :   FF;
	3FE0   :   FF;
	3FE1   :   FF;
	3FE2   :   FF;
	3FE3   :   FF;
	3FE4   :   FF;
	3FE5   :   FF;
	3FE6   :   FF;
	3FE7   :   FF;
	3FE8   :   FF;
	3FE9   :   FF;
	3FEA   :   FF;
	3FEB   :   FF;
	3FEC   :   FF;
	3FED   :   FF;
	3FEE   :   FF;
	3FEF   :   FF;
	3FF0   :   FF;
	3FF1   :   FF;
	3FF2   :   FF;
	3FF3   :   FF;
	3FF4   :   FF;
	3FF5   :   FF;
	3FF6   :   FF;
	3FF7   :   FF;
	3FF8   :   FF;
	3FF9   :   FF;
	3FFA   :   00;
	3FFB   :   F0;
	3FFC   :   00;
	3FFD   :   F0;
	3FFE   :   00;
	3FFF   :   F0;
END;
